iteration no,1,l2_data_size,524288,l2_block_size,32,l1_inst_block_size,32,l1_data_block_size,32,l2_associativity,1,l1_data_size,65536,l1_inst_size,8192,l1_data_asociativity,1,l1_ist_aso_str,1,cpi_value,2.553588552,cost,28.573696
iteration no,2,l2_data_size,524288,l2_block_size,32,l1_inst_block_size,32,l1_data_block_size,32,l2_associativity,1,l1_data_size,65536,l1_inst_size,8192,l1_data_asociativity,1,l1_ist_aso_str,2,cpi_value,2.553556828,,29.884416
iteration no,3,l2_data_size,524288,l2_block_size,32,l1_inst_block_size,32,l1_data_block_size,32,l2_associativity,1,l1_data_size,65536,l1_inst_size,8192,l1_data_asociativity,1,l1_ist_aso_str,4,cpi_value,2.553556388,,32.505856
iteration no,4,l2_data_size,524288,l2_block_size,32,l1_inst_block_size,32,l1_data_block_size,32,l2_associativity,1,l1_data_size,65536,l1_inst_size,8192,l1_data_asociativity,2,l1_ist_aso_str,1,cpi_value,2.55247338,,39.059456
iteration no,5,l2_data_size,524288,l2_block_size,32,l1_inst_block_size,32,l1_data_block_size,32,l2_associativity,1,l1_data_size,65536,l1_inst_size,8192,l1_data_asociativity,2,l1_ist_aso_str,2,cpi_value,2.552440556,,40.370176
iteration no,6,l2_data_size,524288,l2_block_size,32,l1_inst_block_size,32,l1_data_block_size,32,l2_associativity,1,l1_data_size,65536,l1_inst_size,8192,l1_data_asociativity,2,l1_ist_aso_str,4,cpi_value,2.552440116,,42.991616
iteration no,7,l2_data_size,524288,l2_block_size,32,l1_inst_block_size,32,l1_data_block_size,32,l2_associativity,1,l1_data_size,65536,l1_inst_size,8192,l1_data_asociativity,4,l1_ist_aso_str,1,cpi_value,2.552489908,,60.030976
iteration no,8,l2_data_size,524288,l2_block_size,32,l1_inst_block_size,32,l1_data_block_size,32,l2_associativity,1,l1_data_size,65536,l1_inst_size,8192,l1_data_asociativity,4,l1_ist_aso_str,2,cpi_value,2.552457384,,61.341696
iteration no,9,l2_data_size,524288,l2_block_size,32,l1_inst_block_size,32,l1_data_block_size,32,l2_associativity,1,l1_data_size,65536,l1_inst_size,8192,l1_data_asociativity,4,l1_ist_aso_str,4,cpi_value,2.552456944,,63.963136
iteration no,10,l2_data_size,524288,l2_block_size,32,l1_inst_block_size,32,l1_data_block_size,32,l2_associativity,1,l1_data_size,65536,l1_inst_size,16384,l1_data_asociativity,1,l1_ist_aso_str,1,cpi_value,2.5535565,,29.884416
iteration no,11,l2_data_size,524288,l2_block_size,32,l1_inst_block_size,32,l1_data_block_size,32,l2_associativity,1,l1_data_size,65536,l1_inst_size,16384,l1_data_asociativity,1,l1_ist_aso_str,2,cpi_value,2.553554996,,32.505856
iteration no,12,l2_data_size,524288,l2_block_size,32,l1_inst_block_size,32,l1_data_block_size,32,l2_associativity,1,l1_data_size,65536,l1_inst_size,16384,l1_data_asociativity,1,l1_ist_aso_str,4,cpi_value,2.553554516,,37.748736
iteration no,13,l2_data_size,524288,l2_block_size,32,l1_inst_block_size,32,l1_data_block_size,32,l2_associativity,1,l1_data_size,65536,l1_inst_size,16384,l1_data_asociativity,2,l1_ist_aso_str,1,cpi_value,2.552440228,,40.370176
iteration no,14,l2_data_size,524288,l2_block_size,32,l1_inst_block_size,32,l1_data_block_size,32,l2_associativity,1,l1_data_size,65536,l1_inst_size,16384,l1_data_asociativity,2,l1_ist_aso_str,2,cpi_value,2.552438724,,42.991616
iteration no,15,l2_data_size,524288,l2_block_size,32,l1_inst_block_size,32,l1_data_block_size,32,l2_associativity,1,l1_data_size,65536,l1_inst_size,16384,l1_data_asociativity,2,l1_ist_aso_str,4,cpi_value,2.552438244,,48.234496
iteration no,16,l2_data_size,524288,l2_block_size,32,l1_inst_block_size,32,l1_data_block_size,32,l2_associativity,1,l1_data_size,65536,l1_inst_size,16384,l1_data_asociativity,4,l1_ist_aso_str,1,cpi_value,2.552457056,,61.341696
iteration no,17,l2_data_size,524288,l2_block_size,32,l1_inst_block_size,32,l1_data_block_size,32,l2_associativity,1,l1_data_size,65536,l1_inst_size,16384,l1_data_asociativity,4,l1_ist_aso_str,2,cpi_value,2.552455552,,63.963136
iteration no,18,l2_data_size,524288,l2_block_size,32,l1_inst_block_size,32,l1_data_block_size,32,l2_associativity,1,l1_data_size,65536,l1_inst_size,16384,l1_data_asociativity,4,l1_ist_aso_str,4,cpi_value,2.552455072,,69.206016
iteration no,19,l2_data_size,524288,l2_block_size,32,l1_inst_block_size,32,l1_data_block_size,32,l2_associativity,1,l1_data_size,131072,l1_inst_size,8192,l1_data_asociativity,1,l1_ist_aso_str,1,cpi_value,2.553053724,,39.059456
iteration no,20,l2_data_size,524288,l2_block_size,32,l1_inst_block_size,32,l1_data_block_size,32,l2_associativity,1,l1_data_size,131072,l1_inst_size,8192,l1_data_asociativity,1,l1_ist_aso_str,2,cpi_value,2.5530203,,40.370176
iteration no,21,l2_data_size,524288,l2_block_size,32,l1_inst_block_size,32,l1_data_block_size,32,l2_associativity,1,l1_data_size,131072,l1_inst_size,8192,l1_data_asociativity,1,l1_ist_aso_str,4,cpi_value,2.55301986,,42.991616
iteration no,22,l2_data_size,524288,l2_block_size,32,l1_inst_block_size,32,l1_data_block_size,32,l2_associativity,1,l1_data_size,131072,l1_inst_size,8192,l1_data_asociativity,2,l1_ist_aso_str,1,cpi_value,2.55236606,,60.030976
iteration no,23,l2_data_size,524288,l2_block_size,32,l1_inst_block_size,32,l1_data_block_size,32,l2_associativity,1,l1_data_size,131072,l1_inst_size,8192,l1_data_asociativity,2,l1_ist_aso_str,2,cpi_value,2.552331036,,61.341696
iteration no,24,l2_data_size,524288,l2_block_size,32,l1_inst_block_size,32,l1_data_block_size,32,l2_associativity,1,l1_data_size,131072,l1_inst_size,8192,l1_data_asociativity,2,l1_ist_aso_str,4,cpi_value,2.552330596,,63.963136
iteration no,25,l2_data_size,524288,l2_block_size,32,l1_inst_block_size,32,l1_data_block_size,32,l2_associativity,1,l1_data_size,131072,l1_inst_size,8192,l1_data_asociativity,4,l1_ist_aso_str,1,cpi_value,2.552239196,,101.974016
iteration no,26,l2_data_size,524288,l2_block_size,32,l1_inst_block_size,32,l1_data_block_size,32,l2_associativity,1,l1_data_size,131072,l1_inst_size,8192,l1_data_asociativity,4,l1_ist_aso_str,2,cpi_value,2.552203772,,103.284736
iteration no,27,l2_data_size,524288,l2_block_size,32,l1_inst_block_size,32,l1_data_block_size,32,l2_associativity,1,l1_data_size,131072,l1_inst_size,8192,l1_data_asociativity,4,l1_ist_aso_str,4,cpi_value,2.552203332,,105.906176
iteration no,28,l2_data_size,524288,l2_block_size,32,l1_inst_block_size,32,l1_data_block_size,32,l2_associativity,1,l1_data_size,131072,l1_inst_size,16384,l1_data_asociativity,1,l1_ist_aso_str,1,cpi_value,2.553019972,,40.370176
iteration no,29,l2_data_size,524288,l2_block_size,32,l1_inst_block_size,32,l1_data_block_size,32,l2_associativity,1,l1_data_size,131072,l1_inst_size,16384,l1_data_asociativity,1,l1_ist_aso_str,2,cpi_value,2.553018468,,42.991616
iteration no,30,l2_data_size,524288,l2_block_size,32,l1_inst_block_size,32,l1_data_block_size,32,l2_associativity,1,l1_data_size,131072,l1_inst_size,16384,l1_data_asociativity,1,l1_ist_aso_str,4,cpi_value,2.553017988,,48.234496
iteration no,31,l2_data_size,524288,l2_block_size,32,l1_inst_block_size,32,l1_data_block_size,32,l2_associativity,1,l1_data_size,131072,l1_inst_size,16384,l1_data_asociativity,2,l1_ist_aso_str,1,cpi_value,2.552330708,,61.341696
iteration no,32,l2_data_size,524288,l2_block_size,32,l1_inst_block_size,32,l1_data_block_size,32,l2_associativity,1,l1_data_size,131072,l1_inst_size,16384,l1_data_asociativity,2,l1_ist_aso_str,2,cpi_value,2.552329204,,63.963136
iteration no,33,l2_data_size,524288,l2_block_size,32,l1_inst_block_size,32,l1_data_block_size,32,l2_associativity,1,l1_data_size,131072,l1_inst_size,16384,l1_data_asociativity,2,l1_ist_aso_str,4,cpi_value,2.552328724,,69.206016
iteration no,34,l2_data_size,524288,l2_block_size,32,l1_inst_block_size,32,l1_data_block_size,32,l2_associativity,1,l1_data_size,131072,l1_inst_size,16384,l1_data_asociativity,4,l1_ist_aso_str,1,cpi_value,2.552203444,,103.284736
iteration no,35,l2_data_size,524288,l2_block_size,32,l1_inst_block_size,32,l1_data_block_size,32,l2_associativity,1,l1_data_size,131072,l1_inst_size,16384,l1_data_asociativity,4,l1_ist_aso_str,2,cpi_value,2.55220194,,105.906176
iteration no,36,l2_data_size,524288,l2_block_size,32,l1_inst_block_size,32,l1_data_block_size,32,l2_associativity,1,l1_data_size,131072,l1_inst_size,16384,l1_data_asociativity,4,l1_ist_aso_str,4,cpi_value,2.55220146,,111.149056
iteration no,37,l2_data_size,524288,l2_block_size,32,l1_inst_block_size,32,l1_data_block_size,32,l2_associativity,2,l1_data_size,65536,l1_inst_size,8192,l1_data_asociativity,1,l1_ist_aso_str,1,cpi_value,2.552615852,,45.350912
iteration no,38,l2_data_size,524288,l2_block_size,32,l1_inst_block_size,32,l1_data_block_size,32,l2_associativity,2,l1_data_size,65536,l1_inst_size,8192,l1_data_asociativity,1,l1_ist_aso_str,2,cpi_value,2.552594328,,46.661632
iteration no,39,l2_data_size,524288,l2_block_size,32,l1_inst_block_size,32,l1_data_block_size,32,l2_associativity,2,l1_data_size,65536,l1_inst_size,8192,l1_data_asociativity,1,l1_ist_aso_str,4,cpi_value,2.552593888,,49.283072
iteration no,40,l2_data_size,524288,l2_block_size,32,l1_inst_block_size,32,l1_data_block_size,32,l2_associativity,2,l1_data_size,65536,l1_inst_size,8192,l1_data_asociativity,2,l1_ist_aso_str,1,cpi_value,2.55150188,,55.836672
iteration no,41,l2_data_size,524288,l2_block_size,32,l1_inst_block_size,32,l1_data_block_size,32,l2_associativity,2,l1_data_size,65536,l1_inst_size,8192,l1_data_asociativity,2,l1_ist_aso_str,2,cpi_value,2.551480156,,57.147392
iteration no,42,l2_data_size,524288,l2_block_size,32,l1_inst_block_size,32,l1_data_block_size,32,l2_associativity,2,l1_data_size,65536,l1_inst_size,8192,l1_data_asociativity,2,l1_ist_aso_str,4,cpi_value,2.551479716,,59.768832
iteration no,43,l2_data_size,524288,l2_block_size,32,l1_inst_block_size,32,l1_data_block_size,32,l2_associativity,2,l1_data_size,65536,l1_inst_size,8192,l1_data_asociativity,4,l1_ist_aso_str,1,cpi_value,2.551496408,,76.808192
iteration no,44,l2_data_size,524288,l2_block_size,32,l1_inst_block_size,32,l1_data_block_size,32,l2_associativity,2,l1_data_size,65536,l1_inst_size,8192,l1_data_asociativity,4,l1_ist_aso_str,2,cpi_value,2.551474484,,78.118912
iteration no,45,l2_data_size,524288,l2_block_size,32,l1_inst_block_size,32,l1_data_block_size,32,l2_associativity,2,l1_data_size,65536,l1_inst_size,8192,l1_data_asociativity,4,l1_ist_aso_str,4,cpi_value,2.551474044,,80.740352
iteration no,46,l2_data_size,524288,l2_block_size,32,l1_inst_block_size,32,l1_data_block_size,32,l2_associativity,2,l1_data_size,65536,l1_inst_size,16384,l1_data_asociativity,1,l1_ist_aso_str,1,cpi_value,2.552594,,46.661632
iteration no,47,l2_data_size,524288,l2_block_size,32,l1_inst_block_size,32,l1_data_block_size,32,l2_associativity,2,l1_data_size,65536,l1_inst_size,16384,l1_data_asociativity,1,l1_ist_aso_str,2,cpi_value,2.552592496,,49.283072
iteration no,48,l2_data_size,524288,l2_block_size,32,l1_inst_block_size,32,l1_data_block_size,32,l2_associativity,2,l1_data_size,65536,l1_inst_size,16384,l1_data_asociativity,1,l1_ist_aso_str,4,cpi_value,2.552592016,,54.525952
iteration no,49,l2_data_size,524288,l2_block_size,32,l1_inst_block_size,32,l1_data_block_size,32,l2_associativity,2,l1_data_size,65536,l1_inst_size,16384,l1_data_asociativity,2,l1_ist_aso_str,1,cpi_value,2.551479828,,57.147392
iteration no,50,l2_data_size,524288,l2_block_size,32,l1_inst_block_size,32,l1_data_block_size,32,l2_associativity,2,l1_data_size,65536,l1_inst_size,16384,l1_data_asociativity,2,l1_ist_aso_str,2,cpi_value,2.551478324,,59.768832
iteration no,51,l2_data_size,524288,l2_block_size,32,l1_inst_block_size,32,l1_data_block_size,32,l2_associativity,2,l1_data_size,65536,l1_inst_size,16384,l1_data_asociativity,2,l1_ist_aso_str,4,cpi_value,2.551477844,,65.011712
iteration no,52,l2_data_size,524288,l2_block_size,32,l1_inst_block_size,32,l1_data_block_size,32,l2_associativity,2,l1_data_size,65536,l1_inst_size,16384,l1_data_asociativity,4,l1_ist_aso_str,1,cpi_value,2.551474156,,78.118912
iteration no,53,l2_data_size,524288,l2_block_size,32,l1_inst_block_size,32,l1_data_block_size,32,l2_associativity,2,l1_data_size,65536,l1_inst_size,16384,l1_data_asociativity,4,l1_ist_aso_str,2,cpi_value,2.551472652,,80.740352
iteration no,54,l2_data_size,524288,l2_block_size,32,l1_inst_block_size,32,l1_data_block_size,32,l2_associativity,2,l1_data_size,65536,l1_inst_size,16384,l1_data_asociativity,4,l1_ist_aso_str,4,cpi_value,2.551472172,,85.983232
iteration no,55,l2_data_size,524288,l2_block_size,32,l1_inst_block_size,32,l1_data_block_size,32,l2_associativity,2,l1_data_size,131072,l1_inst_size,8192,l1_data_asociativity,1,l1_ist_aso_str,1,cpi_value,2.552305524,,55.836672
iteration no,56,l2_data_size,524288,l2_block_size,32,l1_inst_block_size,32,l1_data_block_size,32,l2_associativity,2,l1_data_size,131072,l1_inst_size,8192,l1_data_asociativity,1,l1_ist_aso_str,2,cpi_value,2.5522788,,57.147392
iteration no,57,l2_data_size,524288,l2_block_size,32,l1_inst_block_size,32,l1_data_block_size,32,l2_associativity,2,l1_data_size,131072,l1_inst_size,8192,l1_data_asociativity,1,l1_ist_aso_str,4,cpi_value,2.55227836,,59.768832
iteration no,58,l2_data_size,524288,l2_block_size,32,l1_inst_block_size,32,l1_data_block_size,32,l2_associativity,2,l1_data_size,131072,l1_inst_size,8192,l1_data_asociativity,2,l1_ist_aso_str,1,cpi_value,2.55182236,,76.808192
iteration no,59,l2_data_size,524288,l2_block_size,32,l1_inst_block_size,32,l1_data_block_size,32,l2_associativity,2,l1_data_size,131072,l1_inst_size,8192,l1_data_asociativity,2,l1_ist_aso_str,2,cpi_value,2.551796136,,78.118912
iteration no,60,l2_data_size,524288,l2_block_size,32,l1_inst_block_size,32,l1_data_block_size,32,l2_associativity,2,l1_data_size,131072,l1_inst_size,8192,l1_data_asociativity,2,l1_ist_aso_str,4,cpi_value,2.551795696,,80.740352
iteration no,61,l2_data_size,524288,l2_block_size,32,l1_inst_block_size,32,l1_data_block_size,32,l2_associativity,2,l1_data_size,131072,l1_inst_size,8192,l1_data_asociativity,4,l1_ist_aso_str,1,cpi_value,2.551837796,,118.751232
iteration no,62,l2_data_size,524288,l2_block_size,32,l1_inst_block_size,32,l1_data_block_size,32,l2_associativity,2,l1_data_size,131072,l1_inst_size,8192,l1_data_asociativity,4,l1_ist_aso_str,2,cpi_value,2.551811772,,120.061952
iteration no,63,l2_data_size,524288,l2_block_size,32,l1_inst_block_size,32,l1_data_block_size,32,l2_associativity,2,l1_data_size,131072,l1_inst_size,8192,l1_data_asociativity,4,l1_ist_aso_str,4,cpi_value,2.551811332,,122.683392
iteration no,64,l2_data_size,524288,l2_block_size,32,l1_inst_block_size,32,l1_data_block_size,32,l2_associativity,2,l1_data_size,131072,l1_inst_size,16384,l1_data_asociativity,1,l1_ist_aso_str,1,cpi_value,2.552278472,,57.147392
iteration no,65,l2_data_size,524288,l2_block_size,32,l1_inst_block_size,32,l1_data_block_size,32,l2_associativity,2,l1_data_size,131072,l1_inst_size,16384,l1_data_asociativity,1,l1_ist_aso_str,2,cpi_value,2.552276968,,59.768832
iteration no,66,l2_data_size,524288,l2_block_size,32,l1_inst_block_size,32,l1_data_block_size,32,l2_associativity,2,l1_data_size,131072,l1_inst_size,16384,l1_data_asociativity,1,l1_ist_aso_str,4,cpi_value,2.552276488,,65.011712
iteration no,67,l2_data_size,524288,l2_block_size,32,l1_inst_block_size,32,l1_data_block_size,32,l2_associativity,2,l1_data_size,131072,l1_inst_size,16384,l1_data_asociativity,2,l1_ist_aso_str,1,cpi_value,2.551795808,,78.118912
iteration no,68,l2_data_size,524288,l2_block_size,32,l1_inst_block_size,32,l1_data_block_size,32,l2_associativity,2,l1_data_size,131072,l1_inst_size,16384,l1_data_asociativity,2,l1_ist_aso_str,2,cpi_value,2.551794304,,80.740352
iteration no,69,l2_data_size,524288,l2_block_size,32,l1_inst_block_size,32,l1_data_block_size,32,l2_associativity,2,l1_data_size,131072,l1_inst_size,16384,l1_data_asociativity,2,l1_ist_aso_str,4,cpi_value,2.551793824,,85.983232
iteration no,70,l2_data_size,524288,l2_block_size,32,l1_inst_block_size,32,l1_data_block_size,32,l2_associativity,2,l1_data_size,131072,l1_inst_size,16384,l1_data_asociativity,4,l1_ist_aso_str,1,cpi_value,2.551811444,,120.061952
iteration no,71,l2_data_size,524288,l2_block_size,32,l1_inst_block_size,32,l1_data_block_size,32,l2_associativity,2,l1_data_size,131072,l1_inst_size,16384,l1_data_asociativity,4,l1_ist_aso_str,2,cpi_value,2.55180994,,122.683392
iteration no,72,l2_data_size,524288,l2_block_size,32,l1_inst_block_size,32,l1_data_block_size,32,l2_associativity,2,l1_data_size,131072,l1_inst_size,16384,l1_data_asociativity,4,l1_ist_aso_str,4,cpi_value,2.55180946,,127.926272
iteration no,73,l2_data_size,524288,l2_block_size,32,l1_inst_block_size,32,l1_data_block_size,32,l2_associativity,4,l1_data_size,65536,l1_inst_size,8192,l1_data_asociativity,1,l1_ist_aso_str,1,cpi_value,2.552520752,,78.905344
iteration no,74,l2_data_size,524288,l2_block_size,32,l1_inst_block_size,32,l1_data_block_size,32,l2_associativity,4,l1_data_size,65536,l1_inst_size,8192,l1_data_asociativity,1,l1_ist_aso_str,2,cpi_value,2.552504628,,80.216064
iteration no,75,l2_data_size,524288,l2_block_size,32,l1_inst_block_size,32,l1_data_block_size,32,l2_associativity,4,l1_data_size,65536,l1_inst_size,8192,l1_data_asociativity,1,l1_ist_aso_str,4,cpi_value,2.552504188,,82.837504
iteration no,76,l2_data_size,524288,l2_block_size,32,l1_inst_block_size,32,l1_data_block_size,32,l2_associativity,4,l1_data_size,65536,l1_inst_size,8192,l1_data_asociativity,2,l1_ist_aso_str,1,cpi_value,2.55140358,,89.391104
iteration no,77,l2_data_size,524288,l2_block_size,32,l1_inst_block_size,32,l1_data_block_size,32,l2_associativity,4,l1_data_size,65536,l1_inst_size,8192,l1_data_asociativity,2,l1_ist_aso_str,2,cpi_value,2.551386956,,90.701824
iteration no,78,l2_data_size,524288,l2_block_size,32,l1_inst_block_size,32,l1_data_block_size,32,l2_associativity,4,l1_data_size,65536,l1_inst_size,8192,l1_data_asociativity,2,l1_ist_aso_str,4,cpi_value,2.551386516,,93.323264
iteration no,79,l2_data_size,524288,l2_block_size,32,l1_inst_block_size,32,l1_data_block_size,32,l2_associativity,4,l1_data_size,65536,l1_inst_size,8192,l1_data_asociativity,4,l1_ist_aso_str,1,cpi_value,2.551410008,,110.362624
iteration no,80,l2_data_size,524288,l2_block_size,32,l1_inst_block_size,32,l1_data_block_size,32,l2_associativity,4,l1_data_size,65536,l1_inst_size,8192,l1_data_asociativity,4,l1_ist_aso_str,2,cpi_value,2.551393484,,111.673344
iteration no,81,l2_data_size,524288,l2_block_size,32,l1_inst_block_size,32,l1_data_block_size,32,l2_associativity,4,l1_data_size,65536,l1_inst_size,8192,l1_data_asociativity,4,l1_ist_aso_str,4,cpi_value,2.551393044,,114.294784
iteration no,82,l2_data_size,524288,l2_block_size,32,l1_inst_block_size,32,l1_data_block_size,32,l2_associativity,4,l1_data_size,65536,l1_inst_size,16384,l1_data_asociativity,1,l1_ist_aso_str,1,cpi_value,2.5525043,,80.216064
iteration no,83,l2_data_size,524288,l2_block_size,32,l1_inst_block_size,32,l1_data_block_size,32,l2_associativity,4,l1_data_size,65536,l1_inst_size,16384,l1_data_asociativity,1,l1_ist_aso_str,2,cpi_value,2.552502796,,82.837504
iteration no,84,l2_data_size,524288,l2_block_size,32,l1_inst_block_size,32,l1_data_block_size,32,l2_associativity,4,l1_data_size,65536,l1_inst_size,16384,l1_data_asociativity,1,l1_ist_aso_str,4,cpi_value,2.552502316,,88.080384
iteration no,85,l2_data_size,524288,l2_block_size,32,l1_inst_block_size,32,l1_data_block_size,32,l2_associativity,4,l1_data_size,65536,l1_inst_size,16384,l1_data_asociativity,2,l1_ist_aso_str,1,cpi_value,2.551386628,,90.701824
iteration no,86,l2_data_size,524288,l2_block_size,32,l1_inst_block_size,32,l1_data_block_size,32,l2_associativity,4,l1_data_size,65536,l1_inst_size,16384,l1_data_asociativity,2,l1_ist_aso_str,2,cpi_value,2.551385124,,93.323264
iteration no,87,l2_data_size,524288,l2_block_size,32,l1_inst_block_size,32,l1_data_block_size,32,l2_associativity,4,l1_data_size,65536,l1_inst_size,16384,l1_data_asociativity,2,l1_ist_aso_str,4,cpi_value,2.551384644,,98.566144
iteration no,88,l2_data_size,524288,l2_block_size,32,l1_inst_block_size,32,l1_data_block_size,32,l2_associativity,4,l1_data_size,65536,l1_inst_size,16384,l1_data_asociativity,4,l1_ist_aso_str,1,cpi_value,2.551393156,,111.673344
iteration no,89,l2_data_size,524288,l2_block_size,32,l1_inst_block_size,32,l1_data_block_size,32,l2_associativity,4,l1_data_size,65536,l1_inst_size,16384,l1_data_asociativity,4,l1_ist_aso_str,2,cpi_value,2.551391652,,114.294784
iteration no,90,l2_data_size,524288,l2_block_size,32,l1_inst_block_size,32,l1_data_block_size,32,l2_associativity,4,l1_data_size,65536,l1_inst_size,16384,l1_data_asociativity,4,l1_ist_aso_str,4,cpi_value,2.551391172,,119.537664
iteration no,91,l2_data_size,524288,l2_block_size,32,l1_inst_block_size,32,l1_data_block_size,32,l2_associativity,4,l1_data_size,131072,l1_inst_size,8192,l1_data_asociativity,1,l1_ist_aso_str,1,cpi_value,2.551872824,,89.391104
iteration no,92,l2_data_size,524288,l2_block_size,32,l1_inst_block_size,32,l1_data_block_size,32,l2_associativity,4,l1_data_size,131072,l1_inst_size,8192,l1_data_asociativity,1,l1_ist_aso_str,2,cpi_value,2.5518567,,90.701824
iteration no,93,l2_data_size,524288,l2_block_size,32,l1_inst_block_size,32,l1_data_block_size,32,l2_associativity,4,l1_data_size,131072,l1_inst_size,8192,l1_data_asociativity,1,l1_ist_aso_str,4,cpi_value,2.55185626,,93.323264
iteration no,94,l2_data_size,524288,l2_block_size,32,l1_inst_block_size,32,l1_data_block_size,32,l2_associativity,4,l1_data_size,131072,l1_inst_size,8192,l1_data_asociativity,2,l1_ist_aso_str,1,cpi_value,2.55143396,,110.362624
iteration no,95,l2_data_size,524288,l2_block_size,32,l1_inst_block_size,32,l1_data_block_size,32,l2_associativity,4,l1_data_size,131072,l1_inst_size,8192,l1_data_asociativity,2,l1_ist_aso_str,2,cpi_value,2.551415136,,111.673344
iteration no,96,l2_data_size,524288,l2_block_size,32,l1_inst_block_size,32,l1_data_block_size,32,l2_associativity,4,l1_data_size,131072,l1_inst_size,8192,l1_data_asociativity,2,l1_ist_aso_str,4,cpi_value,2.551414696,,114.294784
iteration no,97,l2_data_size,524288,l2_block_size,32,l1_inst_block_size,32,l1_data_block_size,32,l2_associativity,4,l1_data_size,131072,l1_inst_size,8192,l1_data_asociativity,4,l1_ist_aso_str,1,cpi_value,2.551532796,,152.305664
iteration no,98,l2_data_size,524288,l2_block_size,32,l1_inst_block_size,32,l1_data_block_size,32,l2_associativity,4,l1_data_size,131072,l1_inst_size,8192,l1_data_asociativity,4,l1_ist_aso_str,2,cpi_value,2.551513672,,153.616384
iteration no,99,l2_data_size,524288,l2_block_size,32,l1_inst_block_size,32,l1_data_block_size,32,l2_associativity,4,l1_data_size,131072,l1_inst_size,8192,l1_data_asociativity,4,l1_ist_aso_str,4,cpi_value,2.551513232,,156.237824
iteration no,100,l2_data_size,524288,l2_block_size,32,l1_inst_block_size,32,l1_data_block_size,32,l2_associativity,4,l1_data_size,131072,l1_inst_size,16384,l1_data_asociativity,1,l1_ist_aso_str,1,cpi_value,2.551856372,,90.701824
iteration no,101,l2_data_size,524288,l2_block_size,32,l1_inst_block_size,32,l1_data_block_size,32,l2_associativity,4,l1_data_size,131072,l1_inst_size,16384,l1_data_asociativity,1,l1_ist_aso_str,2,cpi_value,2.551854868,,93.323264
iteration no,102,l2_data_size,524288,l2_block_size,32,l1_inst_block_size,32,l1_data_block_size,32,l2_associativity,4,l1_data_size,131072,l1_inst_size,16384,l1_data_asociativity,1,l1_ist_aso_str,4,cpi_value,2.551854388,,98.566144
iteration no,103,l2_data_size,524288,l2_block_size,32,l1_inst_block_size,32,l1_data_block_size,32,l2_associativity,4,l1_data_size,131072,l1_inst_size,16384,l1_data_asociativity,2,l1_ist_aso_str,1,cpi_value,2.551414808,,111.673344
iteration no,104,l2_data_size,524288,l2_block_size,32,l1_inst_block_size,32,l1_data_block_size,32,l2_associativity,4,l1_data_size,131072,l1_inst_size,16384,l1_data_asociativity,2,l1_ist_aso_str,2,cpi_value,2.551413304,,114.294784
iteration no,105,l2_data_size,524288,l2_block_size,32,l1_inst_block_size,32,l1_data_block_size,32,l2_associativity,4,l1_data_size,131072,l1_inst_size,16384,l1_data_asociativity,2,l1_ist_aso_str,4,cpi_value,2.551412824,,119.537664
iteration no,106,l2_data_size,524288,l2_block_size,32,l1_inst_block_size,32,l1_data_block_size,32,l2_associativity,4,l1_data_size,131072,l1_inst_size,16384,l1_data_asociativity,4,l1_ist_aso_str,1,cpi_value,2.551513344,,153.616384
iteration no,107,l2_data_size,524288,l2_block_size,32,l1_inst_block_size,32,l1_data_block_size,32,l2_associativity,4,l1_data_size,131072,l1_inst_size,16384,l1_data_asociativity,4,l1_ist_aso_str,2,cpi_value,2.55151184,,156.237824
iteration no,108,l2_data_size,524288,l2_block_size,32,l1_inst_block_size,32,l1_data_block_size,32,l2_associativity,4,l1_data_size,131072,l1_inst_size,16384,l1_data_asociativity,4,l1_ist_aso_str,4,cpi_value,2.55151136,,161.480704
iteration no,109,l2_data_size,524288,l2_block_size,64,l1_inst_block_size,64,l1_data_block_size,64,l2_associativity,1,l1_data_size,65536,l1_inst_size,8192,l1_data_asociativity,1,l1_ist_aso_str,1,cpi_value,1.802830764,,57.147392
iteration no,110,l2_data_size,524288,l2_block_size,64,l1_inst_block_size,64,l1_data_block_size,64,l2_associativity,1,l1_data_size,65536,l1_inst_size,8192,l1_data_asociativity,1,l1_ist_aso_str,2,cpi_value,1.80280126,,59.768832
iteration no,111,l2_data_size,524288,l2_block_size,64,l1_inst_block_size,64,l1_data_block_size,64,l2_associativity,1,l1_data_size,65536,l1_inst_size,8192,l1_data_asociativity,1,l1_ist_aso_str,4,cpi_value,1.802800848,,65.011712
iteration no,112,l2_data_size,524288,l2_block_size,64,l1_inst_block_size,64,l1_data_block_size,64,l2_associativity,1,l1_data_size,65536,l1_inst_size,8192,l1_data_asociativity,2,l1_ist_aso_str,1,cpi_value,1.801558768,,78.118912
iteration no,113,l2_data_size,524288,l2_block_size,64,l1_inst_block_size,64,l1_data_block_size,64,l2_associativity,1,l1_data_size,65536,l1_inst_size,8192,l1_data_asociativity,2,l1_ist_aso_str,2,cpi_value,1.801529164,,80.740352
iteration no,114,l2_data_size,524288,l2_block_size,64,l1_inst_block_size,64,l1_data_block_size,64,l2_associativity,1,l1_data_size,65536,l1_inst_size,8192,l1_data_asociativity,2,l1_ist_aso_str,4,cpi_value,1.801528752,,85.983232
iteration no,115,l2_data_size,524288,l2_block_size,64,l1_inst_block_size,64,l1_data_block_size,64,l2_associativity,1,l1_data_size,65536,l1_inst_size,8192,l1_data_asociativity,4,l1_ist_aso_str,1,cpi_value,1.801552068,,120.061952
iteration no,116,l2_data_size,524288,l2_block_size,64,l1_inst_block_size,64,l1_data_block_size,64,l2_associativity,1,l1_data_size,65536,l1_inst_size,8192,l1_data_asociativity,4,l1_ist_aso_str,2,cpi_value,1.801522464,,122.683392
iteration no,117,l2_data_size,524288,l2_block_size,64,l1_inst_block_size,64,l1_data_block_size,64,l2_associativity,1,l1_data_size,65536,l1_inst_size,8192,l1_data_asociativity,4,l1_ist_aso_str,4,cpi_value,1.801522052,,127.926272
iteration no,118,l2_data_size,524288,l2_block_size,64,l1_inst_block_size,64,l1_data_block_size,64,l2_associativity,1,l1_data_size,65536,l1_inst_size,16384,l1_data_asociativity,1,l1_ist_aso_str,1,cpi_value,1.8028007,,59.768832
iteration no,119,l2_data_size,524288,l2_block_size,64,l1_inst_block_size,64,l1_data_block_size,64,l2_associativity,1,l1_data_size,65536,l1_inst_size,16384,l1_data_asociativity,1,l1_ist_aso_str,2,cpi_value,1.802799784,,65.011712
iteration no,120,l2_data_size,524288,l2_block_size,64,l1_inst_block_size,64,l1_data_block_size,64,l2_associativity,1,l1_data_size,65536,l1_inst_size,16384,l1_data_asociativity,1,l1_ist_aso_str,4,cpi_value,1.80279966,,75.497472
iteration no,121,l2_data_size,524288,l2_block_size,64,l1_inst_block_size,64,l1_data_block_size,64,l2_associativity,1,l1_data_size,65536,l1_inst_size,16384,l1_data_asociativity,2,l1_ist_aso_str,1,cpi_value,1.801528604,,80.740352
iteration no,122,l2_data_size,524288,l2_block_size,64,l1_inst_block_size,64,l1_data_block_size,64,l2_associativity,1,l1_data_size,65536,l1_inst_size,16384,l1_data_asociativity,2,l1_ist_aso_str,2,cpi_value,1.801527688,,85.983232
iteration no,123,l2_data_size,524288,l2_block_size,64,l1_inst_block_size,64,l1_data_block_size,64,l2_associativity,1,l1_data_size,65536,l1_inst_size,16384,l1_data_asociativity,2,l1_ist_aso_str,4,cpi_value,1.801527564,,96.468992
iteration no,124,l2_data_size,524288,l2_block_size,64,l1_inst_block_size,64,l1_data_block_size,64,l2_associativity,1,l1_data_size,65536,l1_inst_size,16384,l1_data_asociativity,4,l1_ist_aso_str,1,cpi_value,1.801521904,,122.683392
iteration no,125,l2_data_size,524288,l2_block_size,64,l1_inst_block_size,64,l1_data_block_size,64,l2_associativity,1,l1_data_size,65536,l1_inst_size,16384,l1_data_asociativity,4,l1_ist_aso_str,2,cpi_value,1.801520988,,127.926272
iteration no,126,l2_data_size,524288,l2_block_size,64,l1_inst_block_size,64,l1_data_block_size,64,l2_associativity,1,l1_data_size,65536,l1_inst_size,16384,l1_data_asociativity,4,l1_ist_aso_str,4,cpi_value,1.801520864,,138.412032
iteration no,127,l2_data_size,524288,l2_block_size,64,l1_inst_block_size,64,l1_data_block_size,64,l2_associativity,1,l1_data_size,131072,l1_inst_size,8192,l1_data_asociativity,1,l1_ist_aso_str,1,cpi_value,1.802306364,,78.118912
iteration no,128,l2_data_size,524288,l2_block_size,64,l1_inst_block_size,64,l1_data_block_size,64,l2_associativity,1,l1_data_size,131072,l1_inst_size,8192,l1_data_asociativity,1,l1_ist_aso_str,2,cpi_value,1.80227366,,80.740352
iteration no,129,l2_data_size,524288,l2_block_size,64,l1_inst_block_size,64,l1_data_block_size,64,l2_associativity,1,l1_data_size,131072,l1_inst_size,8192,l1_data_asociativity,1,l1_ist_aso_str,4,cpi_value,1.802273248,,85.983232
iteration no,130,l2_data_size,524288,l2_block_size,64,l1_inst_block_size,64,l1_data_block_size,64,l2_associativity,1,l1_data_size,131072,l1_inst_size,8192,l1_data_asociativity,2,l1_ist_aso_str,1,cpi_value,1.8016572,,120.061952
iteration no,131,l2_data_size,524288,l2_block_size,64,l1_inst_block_size,64,l1_data_block_size,64,l2_associativity,1,l1_data_size,131072,l1_inst_size,8192,l1_data_asociativity,2,l1_ist_aso_str,2,cpi_value,1.801623996,,122.683392
iteration no,132,l2_data_size,524288,l2_block_size,64,l1_inst_block_size,64,l1_data_block_size,64,l2_associativity,1,l1_data_size,131072,l1_inst_size,8192,l1_data_asociativity,2,l1_ist_aso_str,4,cpi_value,1.801623584,,127.926272
iteration no,133,l2_data_size,524288,l2_block_size,64,l1_inst_block_size,64,l1_data_block_size,64,l2_associativity,1,l1_data_size,131072,l1_inst_size,8192,l1_data_asociativity,4,l1_ist_aso_str,1,cpi_value,1.80165522,,203.948032
iteration no,134,l2_data_size,524288,l2_block_size,64,l1_inst_block_size,64,l1_data_block_size,64,l2_associativity,1,l1_data_size,131072,l1_inst_size,8192,l1_data_asociativity,4,l1_ist_aso_str,2,cpi_value,1.801622416,,206.569472
iteration no,135,l2_data_size,524288,l2_block_size,64,l1_inst_block_size,64,l1_data_block_size,64,l2_associativity,1,l1_data_size,131072,l1_inst_size,8192,l1_data_asociativity,4,l1_ist_aso_str,4,cpi_value,1.801622004,,211.812352
iteration no,136,l2_data_size,524288,l2_block_size,64,l1_inst_block_size,64,l1_data_block_size,64,l2_associativity,1,l1_data_size,131072,l1_inst_size,16384,l1_data_asociativity,1,l1_ist_aso_str,1,cpi_value,1.8022731,,80.740352
iteration no,137,l2_data_size,524288,l2_block_size,64,l1_inst_block_size,64,l1_data_block_size,64,l2_associativity,1,l1_data_size,131072,l1_inst_size,16384,l1_data_asociativity,1,l1_ist_aso_str,2,cpi_value,1.802272184,,85.983232
iteration no,138,l2_data_size,524288,l2_block_size,64,l1_inst_block_size,64,l1_data_block_size,64,l2_associativity,1,l1_data_size,131072,l1_inst_size,16384,l1_data_asociativity,1,l1_ist_aso_str,4,cpi_value,1.80227206,,96.468992
iteration no,139,l2_data_size,524288,l2_block_size,64,l1_inst_block_size,64,l1_data_block_size,64,l2_associativity,1,l1_data_size,131072,l1_inst_size,16384,l1_data_asociativity,2,l1_ist_aso_str,1,cpi_value,1.801623436,,122.683392
iteration no,140,l2_data_size,524288,l2_block_size,64,l1_inst_block_size,64,l1_data_block_size,64,l2_associativity,1,l1_data_size,131072,l1_inst_size,16384,l1_data_asociativity,2,l1_ist_aso_str,2,cpi_value,1.80162252,,127.926272
iteration no,141,l2_data_size,524288,l2_block_size,64,l1_inst_block_size,64,l1_data_block_size,64,l2_associativity,1,l1_data_size,131072,l1_inst_size,16384,l1_data_asociativity,2,l1_ist_aso_str,4,cpi_value,1.801622396,,138.412032
iteration no,142,l2_data_size,524288,l2_block_size,64,l1_inst_block_size,64,l1_data_block_size,64,l2_associativity,1,l1_data_size,131072,l1_inst_size,16384,l1_data_asociativity,4,l1_ist_aso_str,1,cpi_value,1.801621856,,206.569472
iteration no,143,l2_data_size,524288,l2_block_size,64,l1_inst_block_size,64,l1_data_block_size,64,l2_associativity,1,l1_data_size,131072,l1_inst_size,16384,l1_data_asociativity,4,l1_ist_aso_str,2,cpi_value,1.80162094,,211.812352
iteration no,144,l2_data_size,524288,l2_block_size,64,l1_inst_block_size,64,l1_data_block_size,64,l2_associativity,1,l1_data_size,131072,l1_inst_size,16384,l1_data_asociativity,4,l1_ist_aso_str,4,cpi_value,1.801620816,,222.298112
iteration no,145,l2_data_size,524288,l2_block_size,64,l1_inst_block_size,64,l1_data_block_size,64,l2_associativity,2,l1_data_size,65536,l1_inst_size,8192,l1_data_asociativity,1,l1_ist_aso_str,1,cpi_value,1.802367164,,90.701824
iteration no,146,l2_data_size,524288,l2_block_size,64,l1_inst_block_size,64,l1_data_block_size,64,l2_associativity,2,l1_data_size,65536,l1_inst_size,8192,l1_data_asociativity,1,l1_ist_aso_str,2,cpi_value,1.80234406,,93.323264
iteration no,147,l2_data_size,524288,l2_block_size,64,l1_inst_block_size,64,l1_data_block_size,64,l2_associativity,2,l1_data_size,65536,l1_inst_size,8192,l1_data_asociativity,1,l1_ist_aso_str,4,cpi_value,1.802343648,,98.566144
iteration no,148,l2_data_size,524288,l2_block_size,64,l1_inst_block_size,64,l1_data_block_size,64,l2_associativity,2,l1_data_size,65536,l1_inst_size,8192,l1_data_asociativity,2,l1_ist_aso_str,1,cpi_value,1.801128568,,111.673344
iteration no,149,l2_data_size,524288,l2_block_size,64,l1_inst_block_size,64,l1_data_block_size,64,l2_associativity,2,l1_data_size,65536,l1_inst_size,8192,l1_data_asociativity,2,l1_ist_aso_str,2,cpi_value,1.801105464,,114.294784
iteration no,150,l2_data_size,524288,l2_block_size,64,l1_inst_block_size,64,l1_data_block_size,64,l2_associativity,2,l1_data_size,65536,l1_inst_size,8192,l1_data_asociativity,2,l1_ist_aso_str,4,cpi_value,1.801105052,,119.537664
iteration no,151,l2_data_size,524288,l2_block_size,64,l1_inst_block_size,64,l1_data_block_size,64,l2_associativity,2,l1_data_size,65536,l1_inst_size,8192,l1_data_asociativity,4,l1_ist_aso_str,1,cpi_value,1.801123868,,153.616384
iteration no,152,l2_data_size,524288,l2_block_size,64,l1_inst_block_size,64,l1_data_block_size,64,l2_associativity,2,l1_data_size,65536,l1_inst_size,8192,l1_data_asociativity,4,l1_ist_aso_str,2,cpi_value,1.801100564,,156.237824
iteration no,153,l2_data_size,524288,l2_block_size,64,l1_inst_block_size,64,l1_data_block_size,64,l2_associativity,2,l1_data_size,65536,l1_inst_size,8192,l1_data_asociativity,4,l1_ist_aso_str,4,cpi_value,1.801100152,,161.480704
iteration no,154,l2_data_size,524288,l2_block_size,64,l1_inst_block_size,64,l1_data_block_size,64,l2_associativity,2,l1_data_size,65536,l1_inst_size,16384,l1_data_asociativity,1,l1_ist_aso_str,1,cpi_value,1.8023435,,93.323264
iteration no,155,l2_data_size,524288,l2_block_size,64,l1_inst_block_size,64,l1_data_block_size,64,l2_associativity,2,l1_data_size,65536,l1_inst_size,16384,l1_data_asociativity,1,l1_ist_aso_str,2,cpi_value,1.802342584,,98.566144
iteration no,156,l2_data_size,524288,l2_block_size,64,l1_inst_block_size,64,l1_data_block_size,64,l2_associativity,2,l1_data_size,65536,l1_inst_size,16384,l1_data_asociativity,1,l1_ist_aso_str,4,cpi_value,1.80234246,,109.051904
iteration no,157,l2_data_size,524288,l2_block_size,64,l1_inst_block_size,64,l1_data_block_size,64,l2_associativity,2,l1_data_size,65536,l1_inst_size,16384,l1_data_asociativity,2,l1_ist_aso_str,1,cpi_value,1.801104904,,114.294784
iteration no,158,l2_data_size,524288,l2_block_size,64,l1_inst_block_size,64,l1_data_block_size,64,l2_associativity,2,l1_data_size,65536,l1_inst_size,16384,l1_data_asociativity,2,l1_ist_aso_str,2,cpi_value,1.801103988,,119.537664
iteration no,159,l2_data_size,524288,l2_block_size,64,l1_inst_block_size,64,l1_data_block_size,64,l2_associativity,2,l1_data_size,65536,l1_inst_size,16384,l1_data_asociativity,2,l1_ist_aso_str,4,cpi_value,1.801103864,,130.023424
iteration no,160,l2_data_size,524288,l2_block_size,64,l1_inst_block_size,64,l1_data_block_size,64,l2_associativity,2,l1_data_size,65536,l1_inst_size,16384,l1_data_asociativity,4,l1_ist_aso_str,1,cpi_value,1.801100004,,156.237824
iteration no,161,l2_data_size,524288,l2_block_size,64,l1_inst_block_size,64,l1_data_block_size,64,l2_associativity,2,l1_data_size,65536,l1_inst_size,16384,l1_data_asociativity,4,l1_ist_aso_str,2,cpi_value,1.801099088,,161.480704
iteration no,162,l2_data_size,524288,l2_block_size,64,l1_inst_block_size,64,l1_data_block_size,64,l2_associativity,2,l1_data_size,65536,l1_inst_size,16384,l1_data_asociativity,4,l1_ist_aso_str,4,cpi_value,1.801098964,,171.966464
iteration no,163,l2_data_size,524288,l2_block_size,64,l1_inst_block_size,64,l1_data_block_size,64,l2_associativity,2,l1_data_size,131072,l1_inst_size,8192,l1_data_asociativity,1,l1_ist_aso_str,1,cpi_value,1.801932064,,111.673344
iteration no,164,l2_data_size,524288,l2_block_size,64,l1_inst_block_size,64,l1_data_block_size,64,l2_associativity,2,l1_data_size,131072,l1_inst_size,8192,l1_data_asociativity,1,l1_ist_aso_str,2,cpi_value,1.80190376,,114.294784
iteration no,165,l2_data_size,524288,l2_block_size,64,l1_inst_block_size,64,l1_data_block_size,64,l2_associativity,2,l1_data_size,131072,l1_inst_size,8192,l1_data_asociativity,1,l1_ist_aso_str,4,cpi_value,1.801903348,,119.537664
iteration no,166,l2_data_size,524288,l2_block_size,64,l1_inst_block_size,64,l1_data_block_size,64,l2_associativity,2,l1_data_size,131072,l1_inst_size,8192,l1_data_asociativity,2,l1_ist_aso_str,1,cpi_value,1.8012961,,153.616384
iteration no,167,l2_data_size,524288,l2_block_size,64,l1_inst_block_size,64,l1_data_block_size,64,l2_associativity,2,l1_data_size,131072,l1_inst_size,8192,l1_data_asociativity,2,l1_ist_aso_str,2,cpi_value,1.801268396,,156.237824
iteration no,168,l2_data_size,524288,l2_block_size,64,l1_inst_block_size,64,l1_data_block_size,64,l2_associativity,2,l1_data_size,131072,l1_inst_size,8192,l1_data_asociativity,2,l1_ist_aso_str,4,cpi_value,1.801267984,,161.480704
iteration no,169,l2_data_size,524288,l2_block_size,64,l1_inst_block_size,64,l1_data_block_size,64,l2_associativity,2,l1_data_size,131072,l1_inst_size,8192,l1_data_asociativity,4,l1_ist_aso_str,1,cpi_value,1.80129722,,237.502464
iteration no,170,l2_data_size,524288,l2_block_size,64,l1_inst_block_size,64,l1_data_block_size,64,l2_associativity,2,l1_data_size,131072,l1_inst_size,8192,l1_data_asociativity,4,l1_ist_aso_str,2,cpi_value,1.801269316,,240.123904
iteration no,171,l2_data_size,524288,l2_block_size,64,l1_inst_block_size,64,l1_data_block_size,64,l2_associativity,2,l1_data_size,131072,l1_inst_size,8192,l1_data_asociativity,4,l1_ist_aso_str,4,cpi_value,1.801268904,,245.366784
iteration no,172,l2_data_size,524288,l2_block_size,64,l1_inst_block_size,64,l1_data_block_size,64,l2_associativity,2,l1_data_size,131072,l1_inst_size,16384,l1_data_asociativity,1,l1_ist_aso_str,1,cpi_value,1.8019032,,114.294784
iteration no,173,l2_data_size,524288,l2_block_size,64,l1_inst_block_size,64,l1_data_block_size,64,l2_associativity,2,l1_data_size,131072,l1_inst_size,16384,l1_data_asociativity,1,l1_ist_aso_str,2,cpi_value,1.801902284,,119.537664
iteration no,174,l2_data_size,524288,l2_block_size,64,l1_inst_block_size,64,l1_data_block_size,64,l2_associativity,2,l1_data_size,131072,l1_inst_size,16384,l1_data_asociativity,1,l1_ist_aso_str,4,cpi_value,1.80190216,,130.023424
iteration no,175,l2_data_size,524288,l2_block_size,64,l1_inst_block_size,64,l1_data_block_size,64,l2_associativity,2,l1_data_size,131072,l1_inst_size,16384,l1_data_asociativity,2,l1_ist_aso_str,1,cpi_value,1.801267836,,156.237824
iteration no,176,l2_data_size,524288,l2_block_size,64,l1_inst_block_size,64,l1_data_block_size,64,l2_associativity,2,l1_data_size,131072,l1_inst_size,16384,l1_data_asociativity,2,l1_ist_aso_str,2,cpi_value,1.80126692,,161.480704
iteration no,177,l2_data_size,524288,l2_block_size,64,l1_inst_block_size,64,l1_data_block_size,64,l2_associativity,2,l1_data_size,131072,l1_inst_size,16384,l1_data_asociativity,2,l1_ist_aso_str,4,cpi_value,1.801266796,,171.966464
iteration no,178,l2_data_size,524288,l2_block_size,64,l1_inst_block_size,64,l1_data_block_size,64,l2_associativity,2,l1_data_size,131072,l1_inst_size,16384,l1_data_asociativity,4,l1_ist_aso_str,1,cpi_value,1.801268756,,240.123904
iteration no,179,l2_data_size,524288,l2_block_size,64,l1_inst_block_size,64,l1_data_block_size,64,l2_associativity,2,l1_data_size,131072,l1_inst_size,16384,l1_data_asociativity,4,l1_ist_aso_str,2,cpi_value,1.80126784,,245.366784
iteration no,180,l2_data_size,524288,l2_block_size,64,l1_inst_block_size,64,l1_data_block_size,64,l2_associativity,2,l1_data_size,131072,l1_inst_size,16384,l1_data_asociativity,4,l1_ist_aso_str,4,cpi_value,1.801267716,,255.852544
iteration no,181,l2_data_size,524288,l2_block_size,64,l1_inst_block_size,64,l1_data_block_size,64,l2_associativity,4,l1_data_size,65536,l1_inst_size,8192,l1_data_asociativity,1,l1_ist_aso_str,1,cpi_value,1.802087064,,157.810688
iteration no,182,l2_data_size,524288,l2_block_size,64,l1_inst_block_size,64,l1_data_block_size,64,l2_associativity,4,l1_data_size,65536,l1_inst_size,8192,l1_data_asociativity,1,l1_ist_aso_str,2,cpi_value,1.80207016,,160.432128
iteration no,183,l2_data_size,524288,l2_block_size,64,l1_inst_block_size,64,l1_data_block_size,64,l2_associativity,4,l1_data_size,65536,l1_inst_size,8192,l1_data_asociativity,1,l1_ist_aso_str,4,cpi_value,1.802069748,,165.675008
iteration no,184,l2_data_size,524288,l2_block_size,64,l1_inst_block_size,64,l1_data_block_size,64,l2_associativity,4,l1_data_size,65536,l1_inst_size,8192,l1_data_asociativity,2,l1_ist_aso_str,1,cpi_value,1.800853868,,178.782208
iteration no,185,l2_data_size,524288,l2_block_size,64,l1_inst_block_size,64,l1_data_block_size,64,l2_associativity,4,l1_data_size,65536,l1_inst_size,8192,l1_data_asociativity,2,l1_ist_aso_str,2,cpi_value,1.800836764,,181.403648
iteration no,186,l2_data_size,524288,l2_block_size,64,l1_inst_block_size,64,l1_data_block_size,64,l2_associativity,4,l1_data_size,65536,l1_inst_size,8192,l1_data_asociativity,2,l1_ist_aso_str,4,cpi_value,1.800836352,,186.646528
iteration no,187,l2_data_size,524288,l2_block_size,64,l1_inst_block_size,64,l1_data_block_size,64,l2_associativity,4,l1_data_size,65536,l1_inst_size,8192,l1_data_asociativity,4,l1_ist_aso_str,1,cpi_value,1.800853368,,220.725248
iteration no,188,l2_data_size,524288,l2_block_size,64,l1_inst_block_size,64,l1_data_block_size,64,l2_associativity,4,l1_data_size,65536,l1_inst_size,8192,l1_data_asociativity,4,l1_ist_aso_str,2,cpi_value,1.800836064,,223.346688
iteration no,189,l2_data_size,524288,l2_block_size,64,l1_inst_block_size,64,l1_data_block_size,64,l2_associativity,4,l1_data_size,65536,l1_inst_size,8192,l1_data_asociativity,4,l1_ist_aso_str,4,cpi_value,1.800835652,,228.589568
iteration no,190,l2_data_size,524288,l2_block_size,64,l1_inst_block_size,64,l1_data_block_size,64,l2_associativity,4,l1_data_size,65536,l1_inst_size,16384,l1_data_asociativity,1,l1_ist_aso_str,1,cpi_value,1.8020696,,160.432128
iteration no,191,l2_data_size,524288,l2_block_size,64,l1_inst_block_size,64,l1_data_block_size,64,l2_associativity,4,l1_data_size,65536,l1_inst_size,16384,l1_data_asociativity,1,l1_ist_aso_str,2,cpi_value,1.802068684,,165.675008
iteration no,192,l2_data_size,524288,l2_block_size,64,l1_inst_block_size,64,l1_data_block_size,64,l2_associativity,4,l1_data_size,65536,l1_inst_size,16384,l1_data_asociativity,1,l1_ist_aso_str,4,cpi_value,1.80206856,,176.160768
iteration no,193,l2_data_size,524288,l2_block_size,64,l1_inst_block_size,64,l1_data_block_size,64,l2_associativity,4,l1_data_size,65536,l1_inst_size,16384,l1_data_asociativity,2,l1_ist_aso_str,1,cpi_value,1.800836204,,181.403648
iteration no,194,l2_data_size,524288,l2_block_size,64,l1_inst_block_size,64,l1_data_block_size,64,l2_associativity,4,l1_data_size,65536,l1_inst_size,16384,l1_data_asociativity,2,l1_ist_aso_str,2,cpi_value,1.800835288,,186.646528
iteration no,195,l2_data_size,524288,l2_block_size,64,l1_inst_block_size,64,l1_data_block_size,64,l2_associativity,4,l1_data_size,65536,l1_inst_size,16384,l1_data_asociativity,2,l1_ist_aso_str,4,cpi_value,1.800835164,,197.132288
iteration no,196,l2_data_size,524288,l2_block_size,64,l1_inst_block_size,64,l1_data_block_size,64,l2_associativity,4,l1_data_size,65536,l1_inst_size,16384,l1_data_asociativity,4,l1_ist_aso_str,1,cpi_value,1.800835504,,223.346688
iteration no,197,l2_data_size,524288,l2_block_size,64,l1_inst_block_size,64,l1_data_block_size,64,l2_associativity,4,l1_data_size,65536,l1_inst_size,16384,l1_data_asociativity,4,l1_ist_aso_str,2,cpi_value,1.800834588,,228.589568
iteration no,198,l2_data_size,524288,l2_block_size,64,l1_inst_block_size,64,l1_data_block_size,64,l2_associativity,4,l1_data_size,65536,l1_inst_size,16384,l1_data_asociativity,4,l1_ist_aso_str,4,cpi_value,1.800834464,,239.075328
iteration no,199,l2_data_size,524288,l2_block_size,64,l1_inst_block_size,64,l1_data_block_size,64,l2_associativity,4,l1_data_size,131072,l1_inst_size,8192,l1_data_asociativity,1,l1_ist_aso_str,1,cpi_value,1.801454764,,178.782208
iteration no,200,l2_data_size,524288,l2_block_size,64,l1_inst_block_size,64,l1_data_block_size,64,l2_associativity,4,l1_data_size,131072,l1_inst_size,8192,l1_data_asociativity,1,l1_ist_aso_str,2,cpi_value,1.80143386,,181.403648
iteration no,201,l2_data_size,524288,l2_block_size,64,l1_inst_block_size,64,l1_data_block_size,64,l2_associativity,4,l1_data_size,131072,l1_inst_size,8192,l1_data_asociativity,1,l1_ist_aso_str,4,cpi_value,1.801433448,,186.646528
iteration no,202,l2_data_size,524288,l2_block_size,64,l1_inst_block_size,64,l1_data_block_size,64,l2_associativity,4,l1_data_size,131072,l1_inst_size,8192,l1_data_asociativity,2,l1_ist_aso_str,1,cpi_value,1.8008977,,220.725248
iteration no,203,l2_data_size,524288,l2_block_size,64,l1_inst_block_size,64,l1_data_block_size,64,l2_associativity,4,l1_data_size,131072,l1_inst_size,8192,l1_data_asociativity,2,l1_ist_aso_str,2,cpi_value,1.800876196,,223.346688
iteration no,204,l2_data_size,524288,l2_block_size,64,l1_inst_block_size,64,l1_data_block_size,64,l2_associativity,4,l1_data_size,131072,l1_inst_size,8192,l1_data_asociativity,2,l1_ist_aso_str,4,cpi_value,1.800875784,,228.589568
iteration no,205,l2_data_size,524288,l2_block_size,64,l1_inst_block_size,64,l1_data_block_size,64,l2_associativity,4,l1_data_size,131072,l1_inst_size,8192,l1_data_asociativity,4,l1_ist_aso_str,1,cpi_value,1.80093362,,304.611328
iteration no,206,l2_data_size,524288,l2_block_size,64,l1_inst_block_size,64,l1_data_block_size,64,l2_associativity,4,l1_data_size,131072,l1_inst_size,8192,l1_data_asociativity,4,l1_ist_aso_str,2,cpi_value,1.800912016,,307.232768
iteration no,207,l2_data_size,524288,l2_block_size,64,l1_inst_block_size,64,l1_data_block_size,64,l2_associativity,4,l1_data_size,131072,l1_inst_size,8192,l1_data_asociativity,4,l1_ist_aso_str,4,cpi_value,1.800911604,,312.475648
iteration no,208,l2_data_size,524288,l2_block_size,64,l1_inst_block_size,64,l1_data_block_size,64,l2_associativity,4,l1_data_size,131072,l1_inst_size,16384,l1_data_asociativity,1,l1_ist_aso_str,1,cpi_value,1.8014333,,181.403648
iteration no,209,l2_data_size,524288,l2_block_size,64,l1_inst_block_size,64,l1_data_block_size,64,l2_associativity,4,l1_data_size,131072,l1_inst_size,16384,l1_data_asociativity,1,l1_ist_aso_str,2,cpi_value,1.801432384,,186.646528
iteration no,210,l2_data_size,524288,l2_block_size,64,l1_inst_block_size,64,l1_data_block_size,64,l2_associativity,4,l1_data_size,131072,l1_inst_size,16384,l1_data_asociativity,1,l1_ist_aso_str,4,cpi_value,1.80143226,,197.132288
iteration no,211,l2_data_size,524288,l2_block_size,64,l1_inst_block_size,64,l1_data_block_size,64,l2_associativity,4,l1_data_size,131072,l1_inst_size,16384,l1_data_asociativity,2,l1_ist_aso_str,1,cpi_value,1.800875636,,223.346688
iteration no,212,l2_data_size,524288,l2_block_size,64,l1_inst_block_size,64,l1_data_block_size,64,l2_associativity,4,l1_data_size,131072,l1_inst_size,16384,l1_data_asociativity,2,l1_ist_aso_str,2,cpi_value,1.80087472,,228.589568
iteration no,213,l2_data_size,524288,l2_block_size,64,l1_inst_block_size,64,l1_data_block_size,64,l2_associativity,4,l1_data_size,131072,l1_inst_size,16384,l1_data_asociativity,2,l1_ist_aso_str,4,cpi_value,1.800874596,,239.075328
iteration no,214,l2_data_size,524288,l2_block_size,64,l1_inst_block_size,64,l1_data_block_size,64,l2_associativity,4,l1_data_size,131072,l1_inst_size,16384,l1_data_asociativity,4,l1_ist_aso_str,1,cpi_value,1.800911456,,307.232768
iteration no,215,l2_data_size,524288,l2_block_size,64,l1_inst_block_size,64,l1_data_block_size,64,l2_associativity,4,l1_data_size,131072,l1_inst_size,16384,l1_data_asociativity,4,l1_ist_aso_str,2,cpi_value,1.80091054,,312.475648
iteration no,216,l2_data_size,524288,l2_block_size,64,l1_inst_block_size,64,l1_data_block_size,64,l2_associativity,4,l1_data_size,131072,l1_inst_size,16384,l1_data_asociativity,4,l1_ist_aso_str,4,cpi_value,1.800910416,,322.961408
iteration no,217,l2_data_size,1048576,l2_block_size,32,l1_inst_block_size,32,l1_data_block_size,32,l2_associativity,1,l1_data_size,65536,l1_inst_size,8192,l1_data_asociativity,1,l1_ist_aso_str,1,cpi_value,2.553054152,,45.350912
iteration no,218,l2_data_size,1048576,l2_block_size,32,l1_inst_block_size,32,l1_data_block_size,32,l2_associativity,1,l1_data_size,65536,l1_inst_size,8192,l1_data_asociativity,1,l1_ist_aso_str,2,cpi_value,2.553029628,,46.661632
iteration no,219,l2_data_size,1048576,l2_block_size,32,l1_inst_block_size,32,l1_data_block_size,32,l2_associativity,1,l1_data_size,65536,l1_inst_size,8192,l1_data_asociativity,1,l1_ist_aso_str,4,cpi_value,2.553029188,,49.283072
iteration no,220,l2_data_size,1048576,l2_block_size,32,l1_inst_block_size,32,l1_data_block_size,32,l2_associativity,1,l1_data_size,65536,l1_inst_size,8192,l1_data_asociativity,2,l1_ist_aso_str,1,cpi_value,2.55194198,,55.836672
iteration no,221,l2_data_size,1048576,l2_block_size,32,l1_inst_block_size,32,l1_data_block_size,32,l2_associativity,1,l1_data_size,65536,l1_inst_size,8192,l1_data_asociativity,2,l1_ist_aso_str,2,cpi_value,2.551916956,,57.147392
iteration no,222,l2_data_size,1048576,l2_block_size,32,l1_inst_block_size,32,l1_data_block_size,32,l2_associativity,1,l1_data_size,65536,l1_inst_size,8192,l1_data_asociativity,2,l1_ist_aso_str,4,cpi_value,2.551916516,,59.768832
iteration no,223,l2_data_size,1048576,l2_block_size,32,l1_inst_block_size,32,l1_data_block_size,32,l2_associativity,1,l1_data_size,65536,l1_inst_size,8192,l1_data_asociativity,4,l1_ist_aso_str,1,cpi_value,2.551949908,,76.808192
iteration no,224,l2_data_size,1048576,l2_block_size,32,l1_inst_block_size,32,l1_data_block_size,32,l2_associativity,1,l1_data_size,65536,l1_inst_size,8192,l1_data_asociativity,4,l1_ist_aso_str,2,cpi_value,2.551924984,,78.118912
iteration no,225,l2_data_size,1048576,l2_block_size,32,l1_inst_block_size,32,l1_data_block_size,32,l2_associativity,1,l1_data_size,65536,l1_inst_size,8192,l1_data_asociativity,4,l1_ist_aso_str,4,cpi_value,2.551924544,,80.740352
iteration no,226,l2_data_size,1048576,l2_block_size,32,l1_inst_block_size,32,l1_data_block_size,32,l2_associativity,1,l1_data_size,65536,l1_inst_size,16384,l1_data_asociativity,1,l1_ist_aso_str,1,cpi_value,2.5530293,,46.661632
iteration no,227,l2_data_size,1048576,l2_block_size,32,l1_inst_block_size,32,l1_data_block_size,32,l2_associativity,1,l1_data_size,65536,l1_inst_size,16384,l1_data_asociativity,1,l1_ist_aso_str,2,cpi_value,2.553027796,,49.283072
iteration no,228,l2_data_size,1048576,l2_block_size,32,l1_inst_block_size,32,l1_data_block_size,32,l2_associativity,1,l1_data_size,65536,l1_inst_size,16384,l1_data_asociativity,1,l1_ist_aso_str,4,cpi_value,2.553027316,,54.525952
iteration no,229,l2_data_size,1048576,l2_block_size,32,l1_inst_block_size,32,l1_data_block_size,32,l2_associativity,1,l1_data_size,65536,l1_inst_size,16384,l1_data_asociativity,2,l1_ist_aso_str,1,cpi_value,2.551916628,,57.147392
iteration no,230,l2_data_size,1048576,l2_block_size,32,l1_inst_block_size,32,l1_data_block_size,32,l2_associativity,1,l1_data_size,65536,l1_inst_size,16384,l1_data_asociativity,2,l1_ist_aso_str,2,cpi_value,2.551915124,,59.768832
iteration no,231,l2_data_size,1048576,l2_block_size,32,l1_inst_block_size,32,l1_data_block_size,32,l2_associativity,1,l1_data_size,65536,l1_inst_size,16384,l1_data_asociativity,2,l1_ist_aso_str,4,cpi_value,2.551914644,,65.011712
iteration no,232,l2_data_size,1048576,l2_block_size,32,l1_inst_block_size,32,l1_data_block_size,32,l2_associativity,1,l1_data_size,65536,l1_inst_size,16384,l1_data_asociativity,4,l1_ist_aso_str,1,cpi_value,2.551924656,,78.118912
iteration no,233,l2_data_size,1048576,l2_block_size,32,l1_inst_block_size,32,l1_data_block_size,32,l2_associativity,1,l1_data_size,65536,l1_inst_size,16384,l1_data_asociativity,4,l1_ist_aso_str,2,cpi_value,2.551923152,,80.740352
iteration no,234,l2_data_size,1048576,l2_block_size,32,l1_inst_block_size,32,l1_data_block_size,32,l2_associativity,1,l1_data_size,65536,l1_inst_size,16384,l1_data_asociativity,4,l1_ist_aso_str,4,cpi_value,2.551922672,,85.983232
iteration no,235,l2_data_size,1048576,l2_block_size,32,l1_inst_block_size,32,l1_data_block_size,32,l2_associativity,1,l1_data_size,131072,l1_inst_size,8192,l1_data_asociativity,1,l1_ist_aso_str,1,cpi_value,2.552497724,,55.836672
iteration no,236,l2_data_size,1048576,l2_block_size,32,l1_inst_block_size,32,l1_data_block_size,32,l2_associativity,1,l1_data_size,131072,l1_inst_size,8192,l1_data_asociativity,1,l1_ist_aso_str,2,cpi_value,2.5524721,,57.147392
iteration no,237,l2_data_size,1048576,l2_block_size,32,l1_inst_block_size,32,l1_data_block_size,32,l2_associativity,1,l1_data_size,131072,l1_inst_size,8192,l1_data_asociativity,1,l1_ist_aso_str,4,cpi_value,2.55247166,,59.768832
iteration no,238,l2_data_size,1048576,l2_block_size,32,l1_inst_block_size,32,l1_data_block_size,32,l2_associativity,1,l1_data_size,131072,l1_inst_size,8192,l1_data_asociativity,2,l1_ist_aso_str,1,cpi_value,2.55187496,,76.808192
iteration no,239,l2_data_size,1048576,l2_block_size,32,l1_inst_block_size,32,l1_data_block_size,32,l2_associativity,1,l1_data_size,131072,l1_inst_size,8192,l1_data_asociativity,2,l1_ist_aso_str,2,cpi_value,2.551848536,,78.118912
iteration no,240,l2_data_size,1048576,l2_block_size,32,l1_inst_block_size,32,l1_data_block_size,32,l2_associativity,1,l1_data_size,131072,l1_inst_size,8192,l1_data_asociativity,2,l1_ist_aso_str,4,cpi_value,2.551848096,,80.740352
iteration no,241,l2_data_size,1048576,l2_block_size,32,l1_inst_block_size,32,l1_data_block_size,32,l2_associativity,1,l1_data_size,131072,l1_inst_size,8192,l1_data_asociativity,4,l1_ist_aso_str,1,cpi_value,2.551806696,,118.751232
iteration no,242,l2_data_size,1048576,l2_block_size,32,l1_inst_block_size,32,l1_data_block_size,32,l2_associativity,1,l1_data_size,131072,l1_inst_size,8192,l1_data_asociativity,4,l1_ist_aso_str,2,cpi_value,2.551780072,,120.061952
iteration no,243,l2_data_size,1048576,l2_block_size,32,l1_inst_block_size,32,l1_data_block_size,32,l2_associativity,1,l1_data_size,131072,l1_inst_size,8192,l1_data_asociativity,4,l1_ist_aso_str,4,cpi_value,2.551779632,,122.683392
iteration no,244,l2_data_size,1048576,l2_block_size,32,l1_inst_block_size,32,l1_data_block_size,32,l2_associativity,1,l1_data_size,131072,l1_inst_size,16384,l1_data_asociativity,1,l1_ist_aso_str,1,cpi_value,2.552471772,,57.147392
iteration no,245,l2_data_size,1048576,l2_block_size,32,l1_inst_block_size,32,l1_data_block_size,32,l2_associativity,1,l1_data_size,131072,l1_inst_size,16384,l1_data_asociativity,1,l1_ist_aso_str,2,cpi_value,2.552470268,,59.768832
iteration no,246,l2_data_size,1048576,l2_block_size,32,l1_inst_block_size,32,l1_data_block_size,32,l2_associativity,1,l1_data_size,131072,l1_inst_size,16384,l1_data_asociativity,1,l1_ist_aso_str,4,cpi_value,2.552469788,,65.011712
iteration no,247,l2_data_size,1048576,l2_block_size,32,l1_inst_block_size,32,l1_data_block_size,32,l2_associativity,1,l1_data_size,131072,l1_inst_size,16384,l1_data_asociativity,2,l1_ist_aso_str,1,cpi_value,2.551848208,,78.118912
iteration no,248,l2_data_size,1048576,l2_block_size,32,l1_inst_block_size,32,l1_data_block_size,32,l2_associativity,1,l1_data_size,131072,l1_inst_size,16384,l1_data_asociativity,2,l1_ist_aso_str,2,cpi_value,2.551846704,,80.740352
iteration no,249,l2_data_size,1048576,l2_block_size,32,l1_inst_block_size,32,l1_data_block_size,32,l2_associativity,1,l1_data_size,131072,l1_inst_size,16384,l1_data_asociativity,2,l1_ist_aso_str,4,cpi_value,2.551846224,,85.983232
iteration no,250,l2_data_size,1048576,l2_block_size,32,l1_inst_block_size,32,l1_data_block_size,32,l2_associativity,1,l1_data_size,131072,l1_inst_size,16384,l1_data_asociativity,4,l1_ist_aso_str,1,cpi_value,2.551779744,,120.061952
iteration no,251,l2_data_size,1048576,l2_block_size,32,l1_inst_block_size,32,l1_data_block_size,32,l2_associativity,1,l1_data_size,131072,l1_inst_size,16384,l1_data_asociativity,4,l1_ist_aso_str,2,cpi_value,2.55177824,,122.683392
iteration no,252,l2_data_size,1048576,l2_block_size,32,l1_inst_block_size,32,l1_data_block_size,32,l2_associativity,1,l1_data_size,131072,l1_inst_size,16384,l1_data_asociativity,4,l1_ist_aso_str,4,cpi_value,2.55177776,,127.926272
iteration no,253,l2_data_size,1048576,l2_block_size,32,l1_inst_block_size,32,l1_data_block_size,32,l2_associativity,2,l1_data_size,65536,l1_inst_size,8192,l1_data_asociativity,1,l1_ist_aso_str,1,cpi_value,2.552525252,,78.905344
iteration no,254,l2_data_size,1048576,l2_block_size,32,l1_inst_block_size,32,l1_data_block_size,32,l2_associativity,2,l1_data_size,65536,l1_inst_size,8192,l1_data_asociativity,1,l1_ist_aso_str,2,cpi_value,2.552509028,,80.216064
iteration no,255,l2_data_size,1048576,l2_block_size,32,l1_inst_block_size,32,l1_data_block_size,32,l2_associativity,2,l1_data_size,65536,l1_inst_size,8192,l1_data_asociativity,1,l1_ist_aso_str,4,cpi_value,2.552508588,,82.837504
iteration no,256,l2_data_size,1048576,l2_block_size,32,l1_inst_block_size,32,l1_data_block_size,32,l2_associativity,2,l1_data_size,65536,l1_inst_size,8192,l1_data_asociativity,2,l1_ist_aso_str,1,cpi_value,2.55140408,,89.391104
iteration no,257,l2_data_size,1048576,l2_block_size,32,l1_inst_block_size,32,l1_data_block_size,32,l2_associativity,2,l1_data_size,65536,l1_inst_size,8192,l1_data_asociativity,2,l1_ist_aso_str,2,cpi_value,2.551387956,,90.701824
iteration no,258,l2_data_size,1048576,l2_block_size,32,l1_inst_block_size,32,l1_data_block_size,32,l2_associativity,2,l1_data_size,65536,l1_inst_size,8192,l1_data_asociativity,2,l1_ist_aso_str,4,cpi_value,2.551387516,,93.323264
iteration no,259,l2_data_size,1048576,l2_block_size,32,l1_inst_block_size,32,l1_data_block_size,32,l2_associativity,2,l1_data_size,65536,l1_inst_size,8192,l1_data_asociativity,4,l1_ist_aso_str,1,cpi_value,2.551409108,,110.362624
iteration no,260,l2_data_size,1048576,l2_block_size,32,l1_inst_block_size,32,l1_data_block_size,32,l2_associativity,2,l1_data_size,65536,l1_inst_size,8192,l1_data_asociativity,4,l1_ist_aso_str,2,cpi_value,2.551392884,,111.673344
iteration no,261,l2_data_size,1048576,l2_block_size,32,l1_inst_block_size,32,l1_data_block_size,32,l2_associativity,2,l1_data_size,65536,l1_inst_size,8192,l1_data_asociativity,4,l1_ist_aso_str,4,cpi_value,2.551392444,,114.294784
iteration no,262,l2_data_size,1048576,l2_block_size,32,l1_inst_block_size,32,l1_data_block_size,32,l2_associativity,2,l1_data_size,65536,l1_inst_size,16384,l1_data_asociativity,1,l1_ist_aso_str,1,cpi_value,2.5525087,,80.216064
iteration no,263,l2_data_size,1048576,l2_block_size,32,l1_inst_block_size,32,l1_data_block_size,32,l2_associativity,2,l1_data_size,65536,l1_inst_size,16384,l1_data_asociativity,1,l1_ist_aso_str,2,cpi_value,2.552507196,,82.837504
iteration no,264,l2_data_size,1048576,l2_block_size,32,l1_inst_block_size,32,l1_data_block_size,32,l2_associativity,2,l1_data_size,65536,l1_inst_size,16384,l1_data_asociativity,1,l1_ist_aso_str,4,cpi_value,2.552506716,,88.080384
iteration no,265,l2_data_size,1048576,l2_block_size,32,l1_inst_block_size,32,l1_data_block_size,32,l2_associativity,2,l1_data_size,65536,l1_inst_size,16384,l1_data_asociativity,2,l1_ist_aso_str,1,cpi_value,2.551387628,,90.701824
iteration no,266,l2_data_size,1048576,l2_block_size,32,l1_inst_block_size,32,l1_data_block_size,32,l2_associativity,2,l1_data_size,65536,l1_inst_size,16384,l1_data_asociativity,2,l1_ist_aso_str,2,cpi_value,2.551386124,,93.323264
iteration no,267,l2_data_size,1048576,l2_block_size,32,l1_inst_block_size,32,l1_data_block_size,32,l2_associativity,2,l1_data_size,65536,l1_inst_size,16384,l1_data_asociativity,2,l1_ist_aso_str,4,cpi_value,2.551385644,,98.566144
iteration no,268,l2_data_size,1048576,l2_block_size,32,l1_inst_block_size,32,l1_data_block_size,32,l2_associativity,2,l1_data_size,65536,l1_inst_size,16384,l1_data_asociativity,4,l1_ist_aso_str,1,cpi_value,2.551392556,,111.673344
iteration no,269,l2_data_size,1048576,l2_block_size,32,l1_inst_block_size,32,l1_data_block_size,32,l2_associativity,2,l1_data_size,65536,l1_inst_size,16384,l1_data_asociativity,4,l1_ist_aso_str,2,cpi_value,2.551391052,,114.294784
iteration no,270,l2_data_size,1048576,l2_block_size,32,l1_inst_block_size,32,l1_data_block_size,32,l2_associativity,2,l1_data_size,65536,l1_inst_size,16384,l1_data_asociativity,4,l1_ist_aso_str,4,cpi_value,2.551390572,,119.537664
iteration no,271,l2_data_size,1048576,l2_block_size,32,l1_inst_block_size,32,l1_data_block_size,32,l2_associativity,2,l1_data_size,131072,l1_inst_size,8192,l1_data_asociativity,1,l1_ist_aso_str,1,cpi_value,2.551922024,,89.391104
iteration no,272,l2_data_size,1048576,l2_block_size,32,l1_inst_block_size,32,l1_data_block_size,32,l2_associativity,2,l1_data_size,131072,l1_inst_size,8192,l1_data_asociativity,1,l1_ist_aso_str,2,cpi_value,2.5519048,,90.701824
iteration no,273,l2_data_size,1048576,l2_block_size,32,l1_inst_block_size,32,l1_data_block_size,32,l2_associativity,2,l1_data_size,131072,l1_inst_size,8192,l1_data_asociativity,1,l1_ist_aso_str,4,cpi_value,2.55190436,,93.323264
iteration no,274,l2_data_size,1048576,l2_block_size,32,l1_inst_block_size,32,l1_data_block_size,32,l2_associativity,2,l1_data_size,131072,l1_inst_size,8192,l1_data_asociativity,2,l1_ist_aso_str,1,cpi_value,2.55136356,,110.362624
iteration no,275,l2_data_size,1048576,l2_block_size,32,l1_inst_block_size,32,l1_data_block_size,32,l2_associativity,2,l1_data_size,131072,l1_inst_size,8192,l1_data_asociativity,2,l1_ist_aso_str,2,cpi_value,2.551346736,,111.673344
iteration no,276,l2_data_size,1048576,l2_block_size,32,l1_inst_block_size,32,l1_data_block_size,32,l2_associativity,2,l1_data_size,131072,l1_inst_size,8192,l1_data_asociativity,2,l1_ist_aso_str,4,cpi_value,2.551346296,,114.294784
iteration no,277,l2_data_size,1048576,l2_block_size,32,l1_inst_block_size,32,l1_data_block_size,32,l2_associativity,2,l1_data_size,131072,l1_inst_size,8192,l1_data_asociativity,4,l1_ist_aso_str,1,cpi_value,2.551361896,,152.305664
iteration no,278,l2_data_size,1048576,l2_block_size,32,l1_inst_block_size,32,l1_data_block_size,32,l2_associativity,2,l1_data_size,131072,l1_inst_size,8192,l1_data_asociativity,4,l1_ist_aso_str,2,cpi_value,2.551345172,,153.616384
iteration no,279,l2_data_size,1048576,l2_block_size,32,l1_inst_block_size,32,l1_data_block_size,32,l2_associativity,2,l1_data_size,131072,l1_inst_size,8192,l1_data_asociativity,4,l1_ist_aso_str,4,cpi_value,2.551344732,,156.237824
iteration no,280,l2_data_size,1048576,l2_block_size,32,l1_inst_block_size,32,l1_data_block_size,32,l2_associativity,2,l1_data_size,131072,l1_inst_size,16384,l1_data_asociativity,1,l1_ist_aso_str,1,cpi_value,2.551904472,,90.701824
iteration no,281,l2_data_size,1048576,l2_block_size,32,l1_inst_block_size,32,l1_data_block_size,32,l2_associativity,2,l1_data_size,131072,l1_inst_size,16384,l1_data_asociativity,1,l1_ist_aso_str,2,cpi_value,2.551902968,,93.323264
iteration no,282,l2_data_size,1048576,l2_block_size,32,l1_inst_block_size,32,l1_data_block_size,32,l2_associativity,2,l1_data_size,131072,l1_inst_size,16384,l1_data_asociativity,1,l1_ist_aso_str,4,cpi_value,2.551902488,,98.566144
iteration no,283,l2_data_size,1048576,l2_block_size,32,l1_inst_block_size,32,l1_data_block_size,32,l2_associativity,2,l1_data_size,131072,l1_inst_size,16384,l1_data_asociativity,2,l1_ist_aso_str,1,cpi_value,2.551346408,,111.673344
iteration no,284,l2_data_size,1048576,l2_block_size,32,l1_inst_block_size,32,l1_data_block_size,32,l2_associativity,2,l1_data_size,131072,l1_inst_size,16384,l1_data_asociativity,2,l1_ist_aso_str,2,cpi_value,2.551344904,,114.294784
iteration no,285,l2_data_size,1048576,l2_block_size,32,l1_inst_block_size,32,l1_data_block_size,32,l2_associativity,2,l1_data_size,131072,l1_inst_size,16384,l1_data_asociativity,2,l1_ist_aso_str,4,cpi_value,2.551344424,,119.537664
iteration no,286,l2_data_size,1048576,l2_block_size,32,l1_inst_block_size,32,l1_data_block_size,32,l2_associativity,2,l1_data_size,131072,l1_inst_size,16384,l1_data_asociativity,4,l1_ist_aso_str,1,cpi_value,2.551344844,,153.616384
iteration no,287,l2_data_size,1048576,l2_block_size,32,l1_inst_block_size,32,l1_data_block_size,32,l2_associativity,2,l1_data_size,131072,l1_inst_size,16384,l1_data_asociativity,4,l1_ist_aso_str,2,cpi_value,2.55134334,,156.237824
iteration no,288,l2_data_size,1048576,l2_block_size,32,l1_inst_block_size,32,l1_data_block_size,32,l2_associativity,2,l1_data_size,131072,l1_inst_size,16384,l1_data_asociativity,4,l1_ist_aso_str,4,cpi_value,2.55134286,,161.480704
iteration no,289,l2_data_size,1048576,l2_block_size,32,l1_inst_block_size,32,l1_data_block_size,32,l2_associativity,4,l1_data_size,65536,l1_inst_size,8192,l1_data_asociativity,1,l1_ist_aso_str,1,cpi_value,2.552520752,,146.014208
iteration no,290,l2_data_size,1048576,l2_block_size,32,l1_inst_block_size,32,l1_data_block_size,32,l2_associativity,4,l1_data_size,65536,l1_inst_size,8192,l1_data_asociativity,1,l1_ist_aso_str,2,cpi_value,2.552504628,,147.324928
iteration no,291,l2_data_size,1048576,l2_block_size,32,l1_inst_block_size,32,l1_data_block_size,32,l2_associativity,4,l1_data_size,65536,l1_inst_size,8192,l1_data_asociativity,1,l1_ist_aso_str,4,cpi_value,2.552504188,,149.946368
iteration no,292,l2_data_size,1048576,l2_block_size,32,l1_inst_block_size,32,l1_data_block_size,32,l2_associativity,4,l1_data_size,65536,l1_inst_size,8192,l1_data_asociativity,2,l1_ist_aso_str,1,cpi_value,2.55140258,,156.499968
iteration no,293,l2_data_size,1048576,l2_block_size,32,l1_inst_block_size,32,l1_data_block_size,32,l2_associativity,4,l1_data_size,65536,l1_inst_size,8192,l1_data_asociativity,2,l1_ist_aso_str,2,cpi_value,2.551386456,,157.810688
iteration no,294,l2_data_size,1048576,l2_block_size,32,l1_inst_block_size,32,l1_data_block_size,32,l2_associativity,4,l1_data_size,65536,l1_inst_size,8192,l1_data_asociativity,2,l1_ist_aso_str,4,cpi_value,2.551386016,,160.432128
iteration no,295,l2_data_size,1048576,l2_block_size,32,l1_inst_block_size,32,l1_data_block_size,32,l2_associativity,4,l1_data_size,65536,l1_inst_size,8192,l1_data_asociativity,4,l1_ist_aso_str,1,cpi_value,2.551408208,,177.471488
iteration no,296,l2_data_size,1048576,l2_block_size,32,l1_inst_block_size,32,l1_data_block_size,32,l2_associativity,4,l1_data_size,65536,l1_inst_size,8192,l1_data_asociativity,4,l1_ist_aso_str,2,cpi_value,2.551392084,,178.782208
iteration no,297,l2_data_size,1048576,l2_block_size,32,l1_inst_block_size,32,l1_data_block_size,32,l2_associativity,4,l1_data_size,65536,l1_inst_size,8192,l1_data_asociativity,4,l1_ist_aso_str,4,cpi_value,2.551391644,,181.403648
iteration no,298,l2_data_size,1048576,l2_block_size,32,l1_inst_block_size,32,l1_data_block_size,32,l2_associativity,4,l1_data_size,65536,l1_inst_size,16384,l1_data_asociativity,1,l1_ist_aso_str,1,cpi_value,2.5525043,,147.324928
iteration no,299,l2_data_size,1048576,l2_block_size,32,l1_inst_block_size,32,l1_data_block_size,32,l2_associativity,4,l1_data_size,65536,l1_inst_size,16384,l1_data_asociativity,1,l1_ist_aso_str,2,cpi_value,2.552502796,,149.946368
iteration no,300,l2_data_size,1048576,l2_block_size,32,l1_inst_block_size,32,l1_data_block_size,32,l2_associativity,4,l1_data_size,65536,l1_inst_size,16384,l1_data_asociativity,1,l1_ist_aso_str,4,cpi_value,2.552502316,,155.189248
iteration no,301,l2_data_size,1048576,l2_block_size,32,l1_inst_block_size,32,l1_data_block_size,32,l2_associativity,4,l1_data_size,65536,l1_inst_size,16384,l1_data_asociativity,2,l1_ist_aso_str,1,cpi_value,2.551386128,,157.810688
iteration no,302,l2_data_size,1048576,l2_block_size,32,l1_inst_block_size,32,l1_data_block_size,32,l2_associativity,4,l1_data_size,65536,l1_inst_size,16384,l1_data_asociativity,2,l1_ist_aso_str,2,cpi_value,2.551384624,,160.432128
iteration no,303,l2_data_size,1048576,l2_block_size,32,l1_inst_block_size,32,l1_data_block_size,32,l2_associativity,4,l1_data_size,65536,l1_inst_size,16384,l1_data_asociativity,2,l1_ist_aso_str,4,cpi_value,2.551384144,,165.675008
iteration no,304,l2_data_size,1048576,l2_block_size,32,l1_inst_block_size,32,l1_data_block_size,32,l2_associativity,4,l1_data_size,65536,l1_inst_size,16384,l1_data_asociativity,4,l1_ist_aso_str,1,cpi_value,2.551391756,,178.782208
iteration no,305,l2_data_size,1048576,l2_block_size,32,l1_inst_block_size,32,l1_data_block_size,32,l2_associativity,4,l1_data_size,65536,l1_inst_size,16384,l1_data_asociativity,4,l1_ist_aso_str,2,cpi_value,2.551390252,,181.403648
iteration no,306,l2_data_size,1048576,l2_block_size,32,l1_inst_block_size,32,l1_data_block_size,32,l2_associativity,4,l1_data_size,65536,l1_inst_size,16384,l1_data_asociativity,4,l1_ist_aso_str,4,cpi_value,2.551389772,,186.646528
iteration no,307,l2_data_size,1048576,l2_block_size,32,l1_inst_block_size,32,l1_data_block_size,32,l2_associativity,4,l1_data_size,131072,l1_inst_size,8192,l1_data_asociativity,1,l1_ist_aso_str,1,cpi_value,2.551872824,,156.499968
iteration no,308,l2_data_size,1048576,l2_block_size,32,l1_inst_block_size,32,l1_data_block_size,32,l2_associativity,4,l1_data_size,131072,l1_inst_size,8192,l1_data_asociativity,1,l1_ist_aso_str,2,cpi_value,2.5518567,,157.810688
iteration no,309,l2_data_size,1048576,l2_block_size,32,l1_inst_block_size,32,l1_data_block_size,32,l2_associativity,4,l1_data_size,131072,l1_inst_size,8192,l1_data_asociativity,1,l1_ist_aso_str,4,cpi_value,2.55185626,,160.432128
iteration no,310,l2_data_size,1048576,l2_block_size,32,l1_inst_block_size,32,l1_data_block_size,32,l2_associativity,4,l1_data_size,131072,l1_inst_size,8192,l1_data_asociativity,2,l1_ist_aso_str,1,cpi_value,2.55128456,,177.471488
iteration no,311,l2_data_size,1048576,l2_block_size,32,l1_inst_block_size,32,l1_data_block_size,32,l2_associativity,4,l1_data_size,131072,l1_inst_size,8192,l1_data_asociativity,2,l1_ist_aso_str,2,cpi_value,2.551268436,,178.782208
iteration no,312,l2_data_size,1048576,l2_block_size,32,l1_inst_block_size,32,l1_data_block_size,32,l2_associativity,4,l1_data_size,131072,l1_inst_size,8192,l1_data_asociativity,2,l1_ist_aso_str,4,cpi_value,2.551267996,,181.403648
iteration no,313,l2_data_size,1048576,l2_block_size,32,l1_inst_block_size,32,l1_data_block_size,32,l2_associativity,4,l1_data_size,131072,l1_inst_size,8192,l1_data_asociativity,4,l1_ist_aso_str,1,cpi_value,2.551268396,,219.414528
iteration no,314,l2_data_size,1048576,l2_block_size,32,l1_inst_block_size,32,l1_data_block_size,32,l2_associativity,4,l1_data_size,131072,l1_inst_size,8192,l1_data_asociativity,4,l1_ist_aso_str,2,cpi_value,2.551252272,,220.725248
iteration no,315,l2_data_size,1048576,l2_block_size,32,l1_inst_block_size,32,l1_data_block_size,32,l2_associativity,4,l1_data_size,131072,l1_inst_size,8192,l1_data_asociativity,4,l1_ist_aso_str,4,cpi_value,2.551251832,,223.346688
iteration no,316,l2_data_size,1048576,l2_block_size,32,l1_inst_block_size,32,l1_data_block_size,32,l2_associativity,4,l1_data_size,131072,l1_inst_size,16384,l1_data_asociativity,1,l1_ist_aso_str,1,cpi_value,2.551856372,,157.810688
iteration no,317,l2_data_size,1048576,l2_block_size,32,l1_inst_block_size,32,l1_data_block_size,32,l2_associativity,4,l1_data_size,131072,l1_inst_size,16384,l1_data_asociativity,1,l1_ist_aso_str,2,cpi_value,2.551854868,,160.432128
iteration no,318,l2_data_size,1048576,l2_block_size,32,l1_inst_block_size,32,l1_data_block_size,32,l2_associativity,4,l1_data_size,131072,l1_inst_size,16384,l1_data_asociativity,1,l1_ist_aso_str,4,cpi_value,2.551854388,,165.675008
iteration no,319,l2_data_size,1048576,l2_block_size,32,l1_inst_block_size,32,l1_data_block_size,32,l2_associativity,4,l1_data_size,131072,l1_inst_size,16384,l1_data_asociativity,2,l1_ist_aso_str,1,cpi_value,2.551268108,,178.782208
iteration no,320,l2_data_size,1048576,l2_block_size,32,l1_inst_block_size,32,l1_data_block_size,32,l2_associativity,4,l1_data_size,131072,l1_inst_size,16384,l1_data_asociativity,2,l1_ist_aso_str,2,cpi_value,2.551266604,,181.403648
iteration no,321,l2_data_size,1048576,l2_block_size,32,l1_inst_block_size,32,l1_data_block_size,32,l2_associativity,4,l1_data_size,131072,l1_inst_size,16384,l1_data_asociativity,2,l1_ist_aso_str,4,cpi_value,2.551266124,,186.646528
iteration no,322,l2_data_size,1048576,l2_block_size,32,l1_inst_block_size,32,l1_data_block_size,32,l2_associativity,4,l1_data_size,131072,l1_inst_size,16384,l1_data_asociativity,4,l1_ist_aso_str,1,cpi_value,2.551251944,,220.725248
iteration no,323,l2_data_size,1048576,l2_block_size,32,l1_inst_block_size,32,l1_data_block_size,32,l2_associativity,4,l1_data_size,131072,l1_inst_size,16384,l1_data_asociativity,4,l1_ist_aso_str,2,cpi_value,2.55125044,,223.346688
iteration no,324,l2_data_size,1048576,l2_block_size,32,l1_inst_block_size,32,l1_data_block_size,32,l2_associativity,4,l1_data_size,131072,l1_inst_size,16384,l1_data_asociativity,4,l1_ist_aso_str,4,cpi_value,2.55124996,,228.589568
iteration no,325,l2_data_size,1048576,l2_block_size,64,l1_inst_block_size,64,l1_data_block_size,64,l2_associativity,1,l1_data_size,65536,l1_inst_size,8192,l1_data_asociativity,1,l1_ist_aso_str,1,cpi_value,1.802483964,,90.701824
iteration no,326,l2_data_size,1048576,l2_block_size,64,l1_inst_block_size,64,l1_data_block_size,64,l2_associativity,1,l1_data_size,65536,l1_inst_size,8192,l1_data_asociativity,1,l1_ist_aso_str,2,cpi_value,1.80246176,,93.323264
iteration no,327,l2_data_size,1048576,l2_block_size,64,l1_inst_block_size,64,l1_data_block_size,64,l2_associativity,1,l1_data_size,65536,l1_inst_size,8192,l1_data_asociativity,1,l1_ist_aso_str,4,cpi_value,1.802461348,,98.566144
iteration no,328,l2_data_size,1048576,l2_block_size,64,l1_inst_block_size,64,l1_data_block_size,64,l2_associativity,1,l1_data_size,65536,l1_inst_size,8192,l1_data_asociativity,2,l1_ist_aso_str,1,cpi_value,1.801230568,,111.673344
iteration no,329,l2_data_size,1048576,l2_block_size,64,l1_inst_block_size,64,l1_data_block_size,64,l2_associativity,1,l1_data_size,65536,l1_inst_size,8192,l1_data_asociativity,2,l1_ist_aso_str,2,cpi_value,1.801208264,,114.294784
iteration no,330,l2_data_size,1048576,l2_block_size,64,l1_inst_block_size,64,l1_data_block_size,64,l2_associativity,1,l1_data_size,65536,l1_inst_size,8192,l1_data_asociativity,2,l1_ist_aso_str,4,cpi_value,1.801207852,,119.537664
iteration no,331,l2_data_size,1048576,l2_block_size,64,l1_inst_block_size,64,l1_data_block_size,64,l2_associativity,1,l1_data_size,65536,l1_inst_size,8192,l1_data_asociativity,4,l1_ist_aso_str,1,cpi_value,1.801228768,,153.616384
iteration no,332,l2_data_size,1048576,l2_block_size,64,l1_inst_block_size,64,l1_data_block_size,64,l2_associativity,1,l1_data_size,65536,l1_inst_size,8192,l1_data_asociativity,4,l1_ist_aso_str,2,cpi_value,1.801206564,,156.237824
iteration no,333,l2_data_size,1048576,l2_block_size,64,l1_inst_block_size,64,l1_data_block_size,64,l2_associativity,1,l1_data_size,65536,l1_inst_size,8192,l1_data_asociativity,4,l1_ist_aso_str,4,cpi_value,1.801206152,,161.480704
iteration no,334,l2_data_size,1048576,l2_block_size,64,l1_inst_block_size,64,l1_data_block_size,64,l2_associativity,1,l1_data_size,65536,l1_inst_size,16384,l1_data_asociativity,1,l1_ist_aso_str,1,cpi_value,1.8024612,,93.323264
iteration no,335,l2_data_size,1048576,l2_block_size,64,l1_inst_block_size,64,l1_data_block_size,64,l2_associativity,1,l1_data_size,65536,l1_inst_size,16384,l1_data_asociativity,1,l1_ist_aso_str,2,cpi_value,1.802460284,,98.566144
iteration no,336,l2_data_size,1048576,l2_block_size,64,l1_inst_block_size,64,l1_data_block_size,64,l2_associativity,1,l1_data_size,65536,l1_inst_size,16384,l1_data_asociativity,1,l1_ist_aso_str,4,cpi_value,1.80246016,,109.051904
iteration no,337,l2_data_size,1048576,l2_block_size,64,l1_inst_block_size,64,l1_data_block_size,64,l2_associativity,1,l1_data_size,65536,l1_inst_size,16384,l1_data_asociativity,2,l1_ist_aso_str,1,cpi_value,1.801207704,,114.294784
iteration no,338,l2_data_size,1048576,l2_block_size,64,l1_inst_block_size,64,l1_data_block_size,64,l2_associativity,1,l1_data_size,65536,l1_inst_size,16384,l1_data_asociativity,2,l1_ist_aso_str,2,cpi_value,1.801206788,,119.537664
iteration no,339,l2_data_size,1048576,l2_block_size,64,l1_inst_block_size,64,l1_data_block_size,64,l2_associativity,1,l1_data_size,65536,l1_inst_size,16384,l1_data_asociativity,2,l1_ist_aso_str,4,cpi_value,1.801206664,,130.023424
iteration no,340,l2_data_size,1048576,l2_block_size,64,l1_inst_block_size,64,l1_data_block_size,64,l2_associativity,1,l1_data_size,65536,l1_inst_size,16384,l1_data_asociativity,4,l1_ist_aso_str,1,cpi_value,1.801206004,,156.237824
iteration no,341,l2_data_size,1048576,l2_block_size,64,l1_inst_block_size,64,l1_data_block_size,64,l2_associativity,1,l1_data_size,65536,l1_inst_size,16384,l1_data_asociativity,4,l1_ist_aso_str,2,cpi_value,1.801205088,,161.480704
iteration no,342,l2_data_size,1048576,l2_block_size,64,l1_inst_block_size,64,l1_data_block_size,64,l2_associativity,1,l1_data_size,65536,l1_inst_size,16384,l1_data_asociativity,4,l1_ist_aso_str,4,cpi_value,1.801204964,,171.966464
iteration no,343,l2_data_size,1048576,l2_block_size,64,l1_inst_block_size,64,l1_data_block_size,64,l2_associativity,1,l1_data_size,131072,l1_inst_size,8192,l1_data_asociativity,1,l1_ist_aso_str,1,cpi_value,1.801921364,,111.673344
iteration no,344,l2_data_size,1048576,l2_block_size,64,l1_inst_block_size,64,l1_data_block_size,64,l2_associativity,1,l1_data_size,131072,l1_inst_size,8192,l1_data_asociativity,1,l1_ist_aso_str,2,cpi_value,1.80189706,,114.294784
iteration no,345,l2_data_size,1048576,l2_block_size,64,l1_inst_block_size,64,l1_data_block_size,64,l2_associativity,1,l1_data_size,131072,l1_inst_size,8192,l1_data_asociativity,1,l1_ist_aso_str,4,cpi_value,1.801896648,,119.537664
iteration no,346,l2_data_size,1048576,l2_block_size,64,l1_inst_block_size,64,l1_data_block_size,64,l2_associativity,1,l1_data_size,131072,l1_inst_size,8192,l1_data_asociativity,2,l1_ist_aso_str,1,cpi_value,1.8012879,,153.616384
iteration no,347,l2_data_size,1048576,l2_block_size,64,l1_inst_block_size,64,l1_data_block_size,64,l2_associativity,1,l1_data_size,131072,l1_inst_size,8192,l1_data_asociativity,2,l1_ist_aso_str,2,cpi_value,1.801263196,,156.237824
iteration no,348,l2_data_size,1048576,l2_block_size,64,l1_inst_block_size,64,l1_data_block_size,64,l2_associativity,1,l1_data_size,131072,l1_inst_size,8192,l1_data_asociativity,2,l1_ist_aso_str,4,cpi_value,1.801262784,,161.480704
iteration no,349,l2_data_size,1048576,l2_block_size,64,l1_inst_block_size,64,l1_data_block_size,64,l2_associativity,1,l1_data_size,131072,l1_inst_size,8192,l1_data_asociativity,4,l1_ist_aso_str,1,cpi_value,1.80128752,,237.502464
iteration no,350,l2_data_size,1048576,l2_block_size,64,l1_inst_block_size,64,l1_data_block_size,64,l2_associativity,1,l1_data_size,131072,l1_inst_size,8192,l1_data_asociativity,4,l1_ist_aso_str,2,cpi_value,1.801263216,,240.123904
iteration no,351,l2_data_size,1048576,l2_block_size,64,l1_inst_block_size,64,l1_data_block_size,64,l2_associativity,1,l1_data_size,131072,l1_inst_size,8192,l1_data_asociativity,4,l1_ist_aso_str,4,cpi_value,1.801262804,,245.366784
iteration no,352,l2_data_size,1048576,l2_block_size,64,l1_inst_block_size,64,l1_data_block_size,64,l2_associativity,1,l1_data_size,131072,l1_inst_size,16384,l1_data_asociativity,1,l1_ist_aso_str,1,cpi_value,1.8018965,,114.294784
iteration no,353,l2_data_size,1048576,l2_block_size,64,l1_inst_block_size,64,l1_data_block_size,64,l2_associativity,1,l1_data_size,131072,l1_inst_size,16384,l1_data_asociativity,1,l1_ist_aso_str,2,cpi_value,1.801895584,,119.537664
iteration no,354,l2_data_size,1048576,l2_block_size,64,l1_inst_block_size,64,l1_data_block_size,64,l2_associativity,1,l1_data_size,131072,l1_inst_size,16384,l1_data_asociativity,1,l1_ist_aso_str,4,cpi_value,1.80189546,,130.023424
iteration no,355,l2_data_size,1048576,l2_block_size,64,l1_inst_block_size,64,l1_data_block_size,64,l2_associativity,1,l1_data_size,131072,l1_inst_size,16384,l1_data_asociativity,2,l1_ist_aso_str,1,cpi_value,1.801262636,,156.237824
iteration no,356,l2_data_size,1048576,l2_block_size,64,l1_inst_block_size,64,l1_data_block_size,64,l2_associativity,1,l1_data_size,131072,l1_inst_size,16384,l1_data_asociativity,2,l1_ist_aso_str,2,cpi_value,1.80126172,,161.480704
iteration no,357,l2_data_size,1048576,l2_block_size,64,l1_inst_block_size,64,l1_data_block_size,64,l2_associativity,1,l1_data_size,131072,l1_inst_size,16384,l1_data_asociativity,2,l1_ist_aso_str,4,cpi_value,1.801261596,,171.966464
iteration no,358,l2_data_size,1048576,l2_block_size,64,l1_inst_block_size,64,l1_data_block_size,64,l2_associativity,1,l1_data_size,131072,l1_inst_size,16384,l1_data_asociativity,4,l1_ist_aso_str,1,cpi_value,1.801262656,,240.123904
iteration no,359,l2_data_size,1048576,l2_block_size,64,l1_inst_block_size,64,l1_data_block_size,64,l2_associativity,1,l1_data_size,131072,l1_inst_size,16384,l1_data_asociativity,4,l1_ist_aso_str,2,cpi_value,1.80126174,,245.366784
iteration no,360,l2_data_size,1048576,l2_block_size,64,l1_inst_block_size,64,l1_data_block_size,64,l2_associativity,1,l1_data_size,131072,l1_inst_size,16384,l1_data_asociativity,4,l1_ist_aso_str,4,cpi_value,1.801261616,,255.852544
iteration no,361,l2_data_size,1048576,l2_block_size,64,l1_inst_block_size,64,l1_data_block_size,64,l2_associativity,2,l1_data_size,65536,l1_inst_size,8192,l1_data_asociativity,1,l1_ist_aso_str,1,cpi_value,1.802122464,,157.810688
iteration no,362,l2_data_size,1048576,l2_block_size,64,l1_inst_block_size,64,l1_data_block_size,64,l2_associativity,2,l1_data_size,65536,l1_inst_size,8192,l1_data_asociativity,1,l1_ist_aso_str,2,cpi_value,1.80210756,,160.432128
iteration no,363,l2_data_size,1048576,l2_block_size,64,l1_inst_block_size,64,l1_data_block_size,64,l2_associativity,2,l1_data_size,65536,l1_inst_size,8192,l1_data_asociativity,1,l1_ist_aso_str,4,cpi_value,1.802107148,,165.675008
iteration no,364,l2_data_size,1048576,l2_block_size,64,l1_inst_block_size,64,l1_data_block_size,64,l2_associativity,2,l1_data_size,65536,l1_inst_size,8192,l1_data_asociativity,2,l1_ist_aso_str,1,cpi_value,1.800883768,,178.782208
iteration no,365,l2_data_size,1048576,l2_block_size,64,l1_inst_block_size,64,l1_data_block_size,64,l2_associativity,2,l1_data_size,65536,l1_inst_size,8192,l1_data_asociativity,2,l1_ist_aso_str,2,cpi_value,1.800868864,,181.403648
iteration no,366,l2_data_size,1048576,l2_block_size,64,l1_inst_block_size,64,l1_data_block_size,64,l2_associativity,2,l1_data_size,65536,l1_inst_size,8192,l1_data_asociativity,2,l1_ist_aso_str,4,cpi_value,1.800868452,,186.646528
iteration no,367,l2_data_size,1048576,l2_block_size,64,l1_inst_block_size,64,l1_data_block_size,64,l2_associativity,2,l1_data_size,65536,l1_inst_size,8192,l1_data_asociativity,4,l1_ist_aso_str,1,cpi_value,1.800885968,,220.725248
iteration no,368,l2_data_size,1048576,l2_block_size,64,l1_inst_block_size,64,l1_data_block_size,64,l2_associativity,2,l1_data_size,65536,l1_inst_size,8192,l1_data_asociativity,4,l1_ist_aso_str,2,cpi_value,1.800871164,,223.346688
iteration no,369,l2_data_size,1048576,l2_block_size,64,l1_inst_block_size,64,l1_data_block_size,64,l2_associativity,2,l1_data_size,65536,l1_inst_size,8192,l1_data_asociativity,4,l1_ist_aso_str,4,cpi_value,1.800870752,,228.589568
iteration no,370,l2_data_size,1048576,l2_block_size,64,l1_inst_block_size,64,l1_data_block_size,64,l2_associativity,2,l1_data_size,65536,l1_inst_size,16384,l1_data_asociativity,1,l1_ist_aso_str,1,cpi_value,1.802107,,160.432128
iteration no,371,l2_data_size,1048576,l2_block_size,64,l1_inst_block_size,64,l1_data_block_size,64,l2_associativity,2,l1_data_size,65536,l1_inst_size,16384,l1_data_asociativity,1,l1_ist_aso_str,2,cpi_value,1.802106084,,165.675008
iteration no,372,l2_data_size,1048576,l2_block_size,64,l1_inst_block_size,64,l1_data_block_size,64,l2_associativity,2,l1_data_size,65536,l1_inst_size,16384,l1_data_asociativity,1,l1_ist_aso_str,4,cpi_value,1.80210596,,176.160768
iteration no,373,l2_data_size,1048576,l2_block_size,64,l1_inst_block_size,64,l1_data_block_size,64,l2_associativity,2,l1_data_size,65536,l1_inst_size,16384,l1_data_asociativity,2,l1_ist_aso_str,1,cpi_value,1.800868304,,181.403648
iteration no,374,l2_data_size,1048576,l2_block_size,64,l1_inst_block_size,64,l1_data_block_size,64,l2_associativity,2,l1_data_size,65536,l1_inst_size,16384,l1_data_asociativity,2,l1_ist_aso_str,2,cpi_value,1.800867388,,186.646528
iteration no,375,l2_data_size,1048576,l2_block_size,64,l1_inst_block_size,64,l1_data_block_size,64,l2_associativity,2,l1_data_size,65536,l1_inst_size,16384,l1_data_asociativity,2,l1_ist_aso_str,4,cpi_value,1.800867264,,197.132288
iteration no,376,l2_data_size,1048576,l2_block_size,64,l1_inst_block_size,64,l1_data_block_size,64,l2_associativity,2,l1_data_size,65536,l1_inst_size,16384,l1_data_asociativity,4,l1_ist_aso_str,1,cpi_value,1.800870604,,223.346688
iteration no,377,l2_data_size,1048576,l2_block_size,64,l1_inst_block_size,64,l1_data_block_size,64,l2_associativity,2,l1_data_size,65536,l1_inst_size,16384,l1_data_asociativity,4,l1_ist_aso_str,2,cpi_value,1.800869688,,228.589568
iteration no,378,l2_data_size,1048576,l2_block_size,64,l1_inst_block_size,64,l1_data_block_size,64,l2_associativity,2,l1_data_size,65536,l1_inst_size,16384,l1_data_asociativity,4,l1_ist_aso_str,4,cpi_value,1.800869564,,239.075328
iteration no,379,l2_data_size,1048576,l2_block_size,64,l1_inst_block_size,64,l1_data_block_size,64,l2_associativity,2,l1_data_size,131072,l1_inst_size,8192,l1_data_asociativity,1,l1_ist_aso_str,1,cpi_value,1.801537164,,178.782208
iteration no,380,l2_data_size,1048576,l2_block_size,64,l1_inst_block_size,64,l1_data_block_size,64,l2_associativity,2,l1_data_size,131072,l1_inst_size,8192,l1_data_asociativity,1,l1_ist_aso_str,2,cpi_value,1.80152176,,181.403648
iteration no,381,l2_data_size,1048576,l2_block_size,64,l1_inst_block_size,64,l1_data_block_size,64,l2_associativity,2,l1_data_size,131072,l1_inst_size,8192,l1_data_asociativity,1,l1_ist_aso_str,4,cpi_value,1.801521348,,186.646528
iteration no,382,l2_data_size,1048576,l2_block_size,64,l1_inst_block_size,64,l1_data_block_size,64,l2_associativity,2,l1_data_size,131072,l1_inst_size,8192,l1_data_asociativity,2,l1_ist_aso_str,1,cpi_value,1.8009131,,220.725248
iteration no,383,l2_data_size,1048576,l2_block_size,64,l1_inst_block_size,64,l1_data_block_size,64,l2_associativity,2,l1_data_size,131072,l1_inst_size,8192,l1_data_asociativity,2,l1_ist_aso_str,2,cpi_value,1.800897796,,223.346688
iteration no,384,l2_data_size,1048576,l2_block_size,64,l1_inst_block_size,64,l1_data_block_size,64,l2_associativity,2,l1_data_size,131072,l1_inst_size,8192,l1_data_asociativity,2,l1_ist_aso_str,4,cpi_value,1.800897384,,228.589568
iteration no,385,l2_data_size,1048576,l2_block_size,64,l1_inst_block_size,64,l1_data_block_size,64,l2_associativity,2,l1_data_size,131072,l1_inst_size,8192,l1_data_asociativity,4,l1_ist_aso_str,1,cpi_value,1.80091162,,304.611328
iteration no,386,l2_data_size,1048576,l2_block_size,64,l1_inst_block_size,64,l1_data_block_size,64,l2_associativity,2,l1_data_size,131072,l1_inst_size,8192,l1_data_asociativity,4,l1_ist_aso_str,2,cpi_value,1.800896016,,307.232768
iteration no,387,l2_data_size,1048576,l2_block_size,64,l1_inst_block_size,64,l1_data_block_size,64,l2_associativity,2,l1_data_size,131072,l1_inst_size,8192,l1_data_asociativity,4,l1_ist_aso_str,4,cpi_value,1.800895604,,312.475648
iteration no,388,l2_data_size,1048576,l2_block_size,64,l1_inst_block_size,64,l1_data_block_size,64,l2_associativity,2,l1_data_size,131072,l1_inst_size,16384,l1_data_asociativity,1,l1_ist_aso_str,1,cpi_value,1.8015212,,181.403648
iteration no,389,l2_data_size,1048576,l2_block_size,64,l1_inst_block_size,64,l1_data_block_size,64,l2_associativity,2,l1_data_size,131072,l1_inst_size,16384,l1_data_asociativity,1,l1_ist_aso_str,2,cpi_value,1.801520284,,186.646528
iteration no,390,l2_data_size,1048576,l2_block_size,64,l1_inst_block_size,64,l1_data_block_size,64,l2_associativity,2,l1_data_size,131072,l1_inst_size,16384,l1_data_asociativity,1,l1_ist_aso_str,4,cpi_value,1.80152016,,197.132288
iteration no,391,l2_data_size,1048576,l2_block_size,64,l1_inst_block_size,64,l1_data_block_size,64,l2_associativity,2,l1_data_size,131072,l1_inst_size,16384,l1_data_asociativity,2,l1_ist_aso_str,1,cpi_value,1.800897236,,223.346688
iteration no,392,l2_data_size,1048576,l2_block_size,64,l1_inst_block_size,64,l1_data_block_size,64,l2_associativity,2,l1_data_size,131072,l1_inst_size,16384,l1_data_asociativity,2,l1_ist_aso_str,2,cpi_value,1.80089632,,228.589568
iteration no,393,l2_data_size,1048576,l2_block_size,64,l1_inst_block_size,64,l1_data_block_size,64,l2_associativity,2,l1_data_size,131072,l1_inst_size,16384,l1_data_asociativity,2,l1_ist_aso_str,4,cpi_value,1.800896196,,239.075328
iteration no,394,l2_data_size,1048576,l2_block_size,64,l1_inst_block_size,64,l1_data_block_size,64,l2_associativity,2,l1_data_size,131072,l1_inst_size,16384,l1_data_asociativity,4,l1_ist_aso_str,1,cpi_value,1.800895456,,307.232768
iteration no,395,l2_data_size,1048576,l2_block_size,64,l1_inst_block_size,64,l1_data_block_size,64,l2_associativity,2,l1_data_size,131072,l1_inst_size,16384,l1_data_asociativity,4,l1_ist_aso_str,2,cpi_value,1.80089454,,312.475648
iteration no,396,l2_data_size,1048576,l2_block_size,64,l1_inst_block_size,64,l1_data_block_size,64,l2_associativity,2,l1_data_size,131072,l1_inst_size,16384,l1_data_asociativity,4,l1_ist_aso_str,4,cpi_value,1.800894416,,322.961408
iteration no,397,l2_data_size,1048576,l2_block_size,64,l1_inst_block_size,64,l1_data_block_size,64,l2_associativity,4,l1_data_size,65536,l1_inst_size,8192,l1_data_asociativity,1,l1_ist_aso_str,1,cpi_value,1.802004564,,292.028416
iteration no,398,l2_data_size,1048576,l2_block_size,64,l1_inst_block_size,64,l1_data_block_size,64,l2_associativity,4,l1_data_size,65536,l1_inst_size,8192,l1_data_asociativity,1,l1_ist_aso_str,2,cpi_value,1.80199296,,294.649856
iteration no,399,l2_data_size,1048576,l2_block_size,64,l1_inst_block_size,64,l1_data_block_size,64,l2_associativity,4,l1_data_size,65536,l1_inst_size,8192,l1_data_asociativity,1,l1_ist_aso_str,4,cpi_value,1.801992548,,299.892736
iteration no,400,l2_data_size,1048576,l2_block_size,64,l1_inst_block_size,64,l1_data_block_size,64,l2_associativity,4,l1_data_size,65536,l1_inst_size,8192,l1_data_asociativity,2,l1_ist_aso_str,1,cpi_value,1.800768768,,312.999936
iteration no,401,l2_data_size,1048576,l2_block_size,64,l1_inst_block_size,64,l1_data_block_size,64,l2_associativity,4,l1_data_size,65536,l1_inst_size,8192,l1_data_asociativity,2,l1_ist_aso_str,2,cpi_value,1.800757164,,315.621376
iteration no,402,l2_data_size,1048576,l2_block_size,64,l1_inst_block_size,64,l1_data_block_size,64,l2_associativity,4,l1_data_size,65536,l1_inst_size,8192,l1_data_asociativity,2,l1_ist_aso_str,4,cpi_value,1.800756752,,320.864256
iteration no,403,l2_data_size,1048576,l2_block_size,64,l1_inst_block_size,64,l1_data_block_size,64,l2_associativity,4,l1_data_size,65536,l1_inst_size,8192,l1_data_asociativity,4,l1_ist_aso_str,1,cpi_value,1.800767868,,354.942976
iteration no,404,l2_data_size,1048576,l2_block_size,64,l1_inst_block_size,64,l1_data_block_size,64,l2_associativity,4,l1_data_size,65536,l1_inst_size,8192,l1_data_asociativity,4,l1_ist_aso_str,2,cpi_value,1.800756264,,357.564416
iteration no,405,l2_data_size,1048576,l2_block_size,64,l1_inst_block_size,64,l1_data_block_size,64,l2_associativity,4,l1_data_size,65536,l1_inst_size,8192,l1_data_asociativity,4,l1_ist_aso_str,4,cpi_value,1.800755852,,362.807296
iteration no,406,l2_data_size,1048576,l2_block_size,64,l1_inst_block_size,64,l1_data_block_size,64,l2_associativity,4,l1_data_size,65536,l1_inst_size,16384,l1_data_asociativity,1,l1_ist_aso_str,1,cpi_value,1.8019924,,294.649856
iteration no,407,l2_data_size,1048576,l2_block_size,64,l1_inst_block_size,64,l1_data_block_size,64,l2_associativity,4,l1_data_size,65536,l1_inst_size,16384,l1_data_asociativity,1,l1_ist_aso_str,2,cpi_value,1.801991484,,299.892736
iteration no,408,l2_data_size,1048576,l2_block_size,64,l1_inst_block_size,64,l1_data_block_size,64,l2_associativity,4,l1_data_size,65536,l1_inst_size,16384,l1_data_asociativity,1,l1_ist_aso_str,4,cpi_value,1.80199136,,310.378496
iteration no,409,l2_data_size,1048576,l2_block_size,64,l1_inst_block_size,64,l1_data_block_size,64,l2_associativity,4,l1_data_size,65536,l1_inst_size,16384,l1_data_asociativity,2,l1_ist_aso_str,1,cpi_value,1.800756604,,315.621376
iteration no,410,l2_data_size,1048576,l2_block_size,64,l1_inst_block_size,64,l1_data_block_size,64,l2_associativity,4,l1_data_size,65536,l1_inst_size,16384,l1_data_asociativity,2,l1_ist_aso_str,2,cpi_value,1.800755688,,320.864256
iteration no,411,l2_data_size,1048576,l2_block_size,64,l1_inst_block_size,64,l1_data_block_size,64,l2_associativity,4,l1_data_size,65536,l1_inst_size,16384,l1_data_asociativity,2,l1_ist_aso_str,4,cpi_value,1.800755564,,331.350016
iteration no,412,l2_data_size,1048576,l2_block_size,64,l1_inst_block_size,64,l1_data_block_size,64,l2_associativity,4,l1_data_size,65536,l1_inst_size,16384,l1_data_asociativity,4,l1_ist_aso_str,1,cpi_value,1.800755704,,357.564416
iteration no,413,l2_data_size,1048576,l2_block_size,64,l1_inst_block_size,64,l1_data_block_size,64,l2_associativity,4,l1_data_size,65536,l1_inst_size,16384,l1_data_asociativity,4,l1_ist_aso_str,2,cpi_value,1.800754788,,362.807296
iteration no,414,l2_data_size,1048576,l2_block_size,64,l1_inst_block_size,64,l1_data_block_size,64,l2_associativity,4,l1_data_size,65536,l1_inst_size,16384,l1_data_asociativity,4,l1_ist_aso_str,4,cpi_value,1.800754664,,373.293056
iteration no,415,l2_data_size,1048576,l2_block_size,64,l1_inst_block_size,64,l1_data_block_size,64,l2_associativity,4,l1_data_size,131072,l1_inst_size,8192,l1_data_asociativity,1,l1_ist_aso_str,1,cpi_value,1.801368264,,312.999936
iteration no,416,l2_data_size,1048576,l2_block_size,64,l1_inst_block_size,64,l1_data_block_size,64,l2_associativity,4,l1_data_size,131072,l1_inst_size,8192,l1_data_asociativity,1,l1_ist_aso_str,2,cpi_value,1.80135666,,315.621376
iteration no,417,l2_data_size,1048576,l2_block_size,64,l1_inst_block_size,64,l1_data_block_size,64,l2_associativity,4,l1_data_size,131072,l1_inst_size,8192,l1_data_asociativity,1,l1_ist_aso_str,4,cpi_value,1.801356248,,320.864256
iteration no,418,l2_data_size,1048576,l2_block_size,64,l1_inst_block_size,64,l1_data_block_size,64,l2_associativity,4,l1_data_size,131072,l1_inst_size,8192,l1_data_asociativity,2,l1_ist_aso_str,1,cpi_value,1.8007534,,354.942976
iteration no,419,l2_data_size,1048576,l2_block_size,64,l1_inst_block_size,64,l1_data_block_size,64,l2_associativity,4,l1_data_size,131072,l1_inst_size,8192,l1_data_asociativity,2,l1_ist_aso_str,2,cpi_value,1.800741696,,357.564416
iteration no,420,l2_data_size,1048576,l2_block_size,64,l1_inst_block_size,64,l1_data_block_size,64,l2_associativity,4,l1_data_size,131072,l1_inst_size,8192,l1_data_asociativity,2,l1_ist_aso_str,4,cpi_value,1.800741284,,362.807296
iteration no,421,l2_data_size,1048576,l2_block_size,64,l1_inst_block_size,64,l1_data_block_size,64,l2_associativity,4,l1_data_size,131072,l1_inst_size,8192,l1_data_asociativity,4,l1_ist_aso_str,1,cpi_value,1.80075412,,438.829056
iteration no,422,l2_data_size,1048576,l2_block_size,64,l1_inst_block_size,64,l1_data_block_size,64,l2_associativity,4,l1_data_size,131072,l1_inst_size,8192,l1_data_asociativity,4,l1_ist_aso_str,2,cpi_value,1.800742416,,441.450496
iteration no,423,l2_data_size,1048576,l2_block_size,64,l1_inst_block_size,64,l1_data_block_size,64,l2_associativity,4,l1_data_size,131072,l1_inst_size,8192,l1_data_asociativity,4,l1_ist_aso_str,4,cpi_value,1.800742004,,446.693376
iteration no,424,l2_data_size,1048576,l2_block_size,64,l1_inst_block_size,64,l1_data_block_size,64,l2_associativity,4,l1_data_size,131072,l1_inst_size,16384,l1_data_asociativity,1,l1_ist_aso_str,1,cpi_value,1.8013561,,315.621376
iteration no,425,l2_data_size,1048576,l2_block_size,64,l1_inst_block_size,64,l1_data_block_size,64,l2_associativity,4,l1_data_size,131072,l1_inst_size,16384,l1_data_asociativity,1,l1_ist_aso_str,2,cpi_value,1.801355184,,320.864256
iteration no,426,l2_data_size,1048576,l2_block_size,64,l1_inst_block_size,64,l1_data_block_size,64,l2_associativity,4,l1_data_size,131072,l1_inst_size,16384,l1_data_asociativity,1,l1_ist_aso_str,4,cpi_value,1.80135506,,331.350016
iteration no,427,l2_data_size,1048576,l2_block_size,64,l1_inst_block_size,64,l1_data_block_size,64,l2_associativity,4,l1_data_size,131072,l1_inst_size,16384,l1_data_asociativity,2,l1_ist_aso_str,1,cpi_value,1.800741136,,357.564416
iteration no,428,l2_data_size,1048576,l2_block_size,64,l1_inst_block_size,64,l1_data_block_size,64,l2_associativity,4,l1_data_size,131072,l1_inst_size,16384,l1_data_asociativity,2,l1_ist_aso_str,2,cpi_value,1.80074022,,362.807296
iteration no,429,l2_data_size,1048576,l2_block_size,64,l1_inst_block_size,64,l1_data_block_size,64,l2_associativity,4,l1_data_size,131072,l1_inst_size,16384,l1_data_asociativity,2,l1_ist_aso_str,4,cpi_value,1.800740096,,373.293056
iteration no,430,l2_data_size,1048576,l2_block_size,64,l1_inst_block_size,64,l1_data_block_size,64,l2_associativity,4,l1_data_size,131072,l1_inst_size,16384,l1_data_asociativity,4,l1_ist_aso_str,1,cpi_value,1.800741856,,441.450496
iteration no,431,l2_data_size,1048576,l2_block_size,64,l1_inst_block_size,64,l1_data_block_size,64,l2_associativity,4,l1_data_size,131072,l1_inst_size,16384,l1_data_asociativity,4,l1_ist_aso_str,2,cpi_value,1.80074094,,446.693376
iteration no,432,l2_data_size,1048576,l2_block_size,64,l1_inst_block_size,64,l1_data_block_size,64,l2_associativity,4,l1_data_size,131072,l1_inst_size,16384,l1_data_asociativity,4,l1_ist_aso_str,4,cpi_value,1.800740816,,457.179136