iteration no ,1, l2_data_size,1048576B,l2_associativity ,1,l2_block_size ,32,l1_data_size,8192B,l1_inst_size,131072B,l1_inst_block_size,32,l1_data_block_size,32,l1_data_asociativity,1, l1_ist_aso_str,1
iteration no ,2, l2_data_size,1048576B,l2_associativity ,1,l2_block_size ,32,l1_data_size,8192B,l1_inst_size,131072B,l1_inst_block_size,32,l1_data_block_size,32,l1_data_asociativity,1, l1_ist_aso_str,2
iteration no ,3, l2_data_size,1048576B,l2_associativity ,1,l2_block_size ,32,l1_data_size,8192B,l1_inst_size,131072B,l1_inst_block_size,32,l1_data_block_size,32,l1_data_asociativity,1, l1_ist_aso_str,8
iteration no ,4, l2_data_size,1048576B,l2_associativity ,1,l2_block_size ,32,l1_data_size,8192B,l1_inst_size,131072B,l1_inst_block_size,32,l1_data_block_size,32,l1_data_asociativity,2, l1_ist_aso_str,1
iteration no ,5, l2_data_size,1048576B,l2_associativity ,1,l2_block_size ,32,l1_data_size,8192B,l1_inst_size,131072B,l1_inst_block_size,32,l1_data_block_size,32,l1_data_asociativity,2, l1_ist_aso_str,2
iteration no ,6, l2_data_size,1048576B,l2_associativity ,1,l2_block_size ,32,l1_data_size,8192B,l1_inst_size,131072B,l1_inst_block_size,32,l1_data_block_size,32,l1_data_asociativity,2, l1_ist_aso_str,8
iteration no ,7, l2_data_size,1048576B,l2_associativity ,1,l2_block_size ,32,l1_data_size,8192B,l1_inst_size,131072B,l1_inst_block_size,32,l1_data_block_size,32,l1_data_asociativity,12, l1_ist_aso_str,1
iteration no ,8, l2_data_size,1048576B,l2_associativity ,1,l2_block_size ,32,l1_data_size,8192B,l1_inst_size,131072B,l1_inst_block_size,32,l1_data_block_size,32,l1_data_asociativity,12, l1_ist_aso_str,2
iteration no ,9, l2_data_size,1048576B,l2_associativity ,1,l2_block_size ,32,l1_data_size,8192B,l1_inst_size,131072B,l1_inst_block_size,32,l1_data_block_size,32,l1_data_asociativity,12, l1_ist_aso_str,8
iteration no ,10, l2_data_size,1048576B,l2_associativity ,1,l2_block_size ,32,l1_data_size,8192B,l1_inst_size,65536B,l1_inst_block_size,32,l1_data_block_size,32,l1_data_asociativity,1, l1_ist_aso_str,1
iteration no ,11, l2_data_size,1048576B,l2_associativity ,1,l2_block_size ,32,l1_data_size,8192B,l1_inst_size,65536B,l1_inst_block_size,32,l1_data_block_size,32,l1_data_asociativity,1, l1_ist_aso_str,2
iteration no ,12, l2_data_size,1048576B,l2_associativity ,1,l2_block_size ,32,l1_data_size,8192B,l1_inst_size,65536B,l1_inst_block_size,32,l1_data_block_size,32,l1_data_asociativity,1, l1_ist_aso_str,8
iteration no ,13, l2_data_size,1048576B,l2_associativity ,1,l2_block_size ,32,l1_data_size,8192B,l1_inst_size,65536B,l1_inst_block_size,32,l1_data_block_size,32,l1_data_asociativity,2, l1_ist_aso_str,1
iteration no ,14, l2_data_size,1048576B,l2_associativity ,1,l2_block_size ,32,l1_data_size,8192B,l1_inst_size,65536B,l1_inst_block_size,32,l1_data_block_size,32,l1_data_asociativity,2, l1_ist_aso_str,2
iteration no ,15, l2_data_size,1048576B,l2_associativity ,1,l2_block_size ,32,l1_data_size,8192B,l1_inst_size,65536B,l1_inst_block_size,32,l1_data_block_size,32,l1_data_asociativity,2, l1_ist_aso_str,8
iteration no ,16, l2_data_size,1048576B,l2_associativity ,1,l2_block_size ,32,l1_data_size,8192B,l1_inst_size,65536B,l1_inst_block_size,32,l1_data_block_size,32,l1_data_asociativity,11, l1_ist_aso_str,1
iteration no ,17, l2_data_size,1048576B,l2_associativity ,1,l2_block_size ,32,l1_data_size,8192B,l1_inst_size,65536B,l1_inst_block_size,32,l1_data_block_size,32,l1_data_asociativity,11, l1_ist_aso_str,2
iteration no ,18, l2_data_size,1048576B,l2_associativity ,1,l2_block_size ,32,l1_data_size,8192B,l1_inst_size,65536B,l1_inst_block_size,32,l1_data_block_size,32,l1_data_asociativity,11, l1_ist_aso_str,8
iteration no ,19, l2_data_size,1048576B,l2_associativity ,1,l2_block_size ,32,l1_data_size,16384B,l1_inst_size,131072B,l1_inst_block_size,32,l1_data_block_size,32,l1_data_asociativity,1, l1_ist_aso_str,1
iteration no ,20, l2_data_size,1048576B,l2_associativity ,1,l2_block_size ,32,l1_data_size,16384B,l1_inst_size,131072B,l1_inst_block_size,32,l1_data_block_size,32,l1_data_asociativity,1, l1_ist_aso_str,2
iteration no ,21, l2_data_size,1048576B,l2_associativity ,1,l2_block_size ,32,l1_data_size,16384B,l1_inst_size,131072B,l1_inst_block_size,32,l1_data_block_size,32,l1_data_asociativity,1, l1_ist_aso_str,9
iteration no ,22, l2_data_size,1048576B,l2_associativity ,1,l2_block_size ,32,l1_data_size,16384B,l1_inst_size,131072B,l1_inst_block_size,32,l1_data_block_size,32,l1_data_asociativity,2, l1_ist_aso_str,1
iteration no ,23, l2_data_size,1048576B,l2_associativity ,1,l2_block_size ,32,l1_data_size,16384B,l1_inst_size,131072B,l1_inst_block_size,32,l1_data_block_size,32,l1_data_asociativity,2, l1_ist_aso_str,2
iteration no ,24, l2_data_size,1048576B,l2_associativity ,1,l2_block_size ,32,l1_data_size,16384B,l1_inst_size,131072B,l1_inst_block_size,32,l1_data_block_size,32,l1_data_asociativity,2, l1_ist_aso_str,9
iteration no ,25, l2_data_size,1048576B,l2_associativity ,1,l2_block_size ,32,l1_data_size,16384B,l1_inst_size,131072B,l1_inst_block_size,32,l1_data_block_size,32,l1_data_asociativity,12, l1_ist_aso_str,1
iteration no ,26, l2_data_size,1048576B,l2_associativity ,1,l2_block_size ,32,l1_data_size,16384B,l1_inst_size,131072B,l1_inst_block_size,32,l1_data_block_size,32,l1_data_asociativity,12, l1_ist_aso_str,2
iteration no ,27, l2_data_size,1048576B,l2_associativity ,1,l2_block_size ,32,l1_data_size,16384B,l1_inst_size,131072B,l1_inst_block_size,32,l1_data_block_size,32,l1_data_asociativity,12, l1_ist_aso_str,9
iteration no ,28, l2_data_size,1048576B,l2_associativity ,1,l2_block_size ,32,l1_data_size,16384B,l1_inst_size,65536B,l1_inst_block_size,32,l1_data_block_size,32,l1_data_asociativity,1, l1_ist_aso_str,1
iteration no ,29, l2_data_size,1048576B,l2_associativity ,1,l2_block_size ,32,l1_data_size,16384B,l1_inst_size,65536B,l1_inst_block_size,32,l1_data_block_size,32,l1_data_asociativity,1, l1_ist_aso_str,2
iteration no ,30, l2_data_size,1048576B,l2_associativity ,1,l2_block_size ,32,l1_data_size,16384B,l1_inst_size,65536B,l1_inst_block_size,32,l1_data_block_size,32,l1_data_asociativity,1, l1_ist_aso_str,9
iteration no ,31, l2_data_size,1048576B,l2_associativity ,1,l2_block_size ,32,l1_data_size,16384B,l1_inst_size,65536B,l1_inst_block_size,32,l1_data_block_size,32,l1_data_asociativity,2, l1_ist_aso_str,1
iteration no ,32, l2_data_size,1048576B,l2_associativity ,1,l2_block_size ,32,l1_data_size,16384B,l1_inst_size,65536B,l1_inst_block_size,32,l1_data_block_size,32,l1_data_asociativity,2, l1_ist_aso_str,2
iteration no ,33, l2_data_size,1048576B,l2_associativity ,1,l2_block_size ,32,l1_data_size,16384B,l1_inst_size,65536B,l1_inst_block_size,32,l1_data_block_size,32,l1_data_asociativity,2, l1_ist_aso_str,9
iteration no ,34, l2_data_size,1048576B,l2_associativity ,1,l2_block_size ,32,l1_data_size,16384B,l1_inst_size,65536B,l1_inst_block_size,32,l1_data_block_size,32,l1_data_asociativity,11, l1_ist_aso_str,1
iteration no ,35, l2_data_size,1048576B,l2_associativity ,1,l2_block_size ,32,l1_data_size,16384B,l1_inst_size,65536B,l1_inst_block_size,32,l1_data_block_size,32,l1_data_asociativity,11, l1_ist_aso_str,2
iteration no ,36, l2_data_size,1048576B,l2_associativity ,1,l2_block_size ,32,l1_data_size,16384B,l1_inst_size,65536B,l1_inst_block_size,32,l1_data_block_size,32,l1_data_asociativity,11, l1_ist_aso_str,9
iteration no ,37, l2_data_size,1048576B,l2_associativity ,2,l2_block_size ,32,l1_data_size,8192B,l1_inst_size,131072B,l1_inst_block_size,32,l1_data_block_size,32,l1_data_asociativity,1, l1_ist_aso_str,1
iteration no ,38, l2_data_size,1048576B,l2_associativity ,2,l2_block_size ,32,l1_data_size,8192B,l1_inst_size,131072B,l1_inst_block_size,32,l1_data_block_size,32,l1_data_asociativity,1, l1_ist_aso_str,2
iteration no ,39, l2_data_size,1048576B,l2_associativity ,2,l2_block_size ,32,l1_data_size,8192B,l1_inst_size,131072B,l1_inst_block_size,32,l1_data_block_size,32,l1_data_asociativity,1, l1_ist_aso_str,8
iteration no ,40, l2_data_size,1048576B,l2_associativity ,2,l2_block_size ,32,l1_data_size,8192B,l1_inst_size,131072B,l1_inst_block_size,32,l1_data_block_size,32,l1_data_asociativity,2, l1_ist_aso_str,1
iteration no ,41, l2_data_size,1048576B,l2_associativity ,2,l2_block_size ,32,l1_data_size,8192B,l1_inst_size,131072B,l1_inst_block_size,32,l1_data_block_size,32,l1_data_asociativity,2, l1_ist_aso_str,2
iteration no ,42, l2_data_size,1048576B,l2_associativity ,2,l2_block_size ,32,l1_data_size,8192B,l1_inst_size,131072B,l1_inst_block_size,32,l1_data_block_size,32,l1_data_asociativity,2, l1_ist_aso_str,8
iteration no ,43, l2_data_size,1048576B,l2_associativity ,2,l2_block_size ,32,l1_data_size,8192B,l1_inst_size,131072B,l1_inst_block_size,32,l1_data_block_size,32,l1_data_asociativity,12, l1_ist_aso_str,1
iteration no ,44, l2_data_size,1048576B,l2_associativity ,2,l2_block_size ,32,l1_data_size,8192B,l1_inst_size,131072B,l1_inst_block_size,32,l1_data_block_size,32,l1_data_asociativity,12, l1_ist_aso_str,2
iteration no ,45, l2_data_size,1048576B,l2_associativity ,2,l2_block_size ,32,l1_data_size,8192B,l1_inst_size,131072B,l1_inst_block_size,32,l1_data_block_size,32,l1_data_asociativity,12, l1_ist_aso_str,8
iteration no ,46, l2_data_size,1048576B,l2_associativity ,2,l2_block_size ,32,l1_data_size,8192B,l1_inst_size,65536B,l1_inst_block_size,32,l1_data_block_size,32,l1_data_asociativity,1, l1_ist_aso_str,1
iteration no ,47, l2_data_size,1048576B,l2_associativity ,2,l2_block_size ,32,l1_data_size,8192B,l1_inst_size,65536B,l1_inst_block_size,32,l1_data_block_size,32,l1_data_asociativity,1, l1_ist_aso_str,2
iteration no ,48, l2_data_size,1048576B,l2_associativity ,2,l2_block_size ,32,l1_data_size,8192B,l1_inst_size,65536B,l1_inst_block_size,32,l1_data_block_size,32,l1_data_asociativity,1, l1_ist_aso_str,8
iteration no ,49, l2_data_size,1048576B,l2_associativity ,2,l2_block_size ,32,l1_data_size,8192B,l1_inst_size,65536B,l1_inst_block_size,32,l1_data_block_size,32,l1_data_asociativity,2, l1_ist_aso_str,1
iteration no ,50, l2_data_size,1048576B,l2_associativity ,2,l2_block_size ,32,l1_data_size,8192B,l1_inst_size,65536B,l1_inst_block_size,32,l1_data_block_size,32,l1_data_asociativity,2, l1_ist_aso_str,2
iteration no ,51, l2_data_size,1048576B,l2_associativity ,2,l2_block_size ,32,l1_data_size,8192B,l1_inst_size,65536B,l1_inst_block_size,32,l1_data_block_size,32,l1_data_asociativity,2, l1_ist_aso_str,8
iteration no ,52, l2_data_size,1048576B,l2_associativity ,2,l2_block_size ,32,l1_data_size,8192B,l1_inst_size,65536B,l1_inst_block_size,32,l1_data_block_size,32,l1_data_asociativity,11, l1_ist_aso_str,1
iteration no ,53, l2_data_size,1048576B,l2_associativity ,2,l2_block_size ,32,l1_data_size,8192B,l1_inst_size,65536B,l1_inst_block_size,32,l1_data_block_size,32,l1_data_asociativity,11, l1_ist_aso_str,2
iteration no ,54, l2_data_size,1048576B,l2_associativity ,2,l2_block_size ,32,l1_data_size,8192B,l1_inst_size,65536B,l1_inst_block_size,32,l1_data_block_size,32,l1_data_asociativity,11, l1_ist_aso_str,8
iteration no ,55, l2_data_size,1048576B,l2_associativity ,2,l2_block_size ,32,l1_data_size,16384B,l1_inst_size,131072B,l1_inst_block_size,32,l1_data_block_size,32,l1_data_asociativity,1, l1_ist_aso_str,1
iteration no ,56, l2_data_size,1048576B,l2_associativity ,2,l2_block_size ,32,l1_data_size,16384B,l1_inst_size,131072B,l1_inst_block_size,32,l1_data_block_size,32,l1_data_asociativity,1, l1_ist_aso_str,2
iteration no ,57, l2_data_size,1048576B,l2_associativity ,2,l2_block_size ,32,l1_data_size,16384B,l1_inst_size,131072B,l1_inst_block_size,32,l1_data_block_size,32,l1_data_asociativity,1, l1_ist_aso_str,9
iteration no ,58, l2_data_size,1048576B,l2_associativity ,2,l2_block_size ,32,l1_data_size,16384B,l1_inst_size,131072B,l1_inst_block_size,32,l1_data_block_size,32,l1_data_asociativity,2, l1_ist_aso_str,1
iteration no ,59, l2_data_size,1048576B,l2_associativity ,2,l2_block_size ,32,l1_data_size,16384B,l1_inst_size,131072B,l1_inst_block_size,32,l1_data_block_size,32,l1_data_asociativity,2, l1_ist_aso_str,2
iteration no ,60, l2_data_size,1048576B,l2_associativity ,2,l2_block_size ,32,l1_data_size,16384B,l1_inst_size,131072B,l1_inst_block_size,32,l1_data_block_size,32,l1_data_asociativity,2, l1_ist_aso_str,9
iteration no ,61, l2_data_size,1048576B,l2_associativity ,2,l2_block_size ,32,l1_data_size,16384B,l1_inst_size,131072B,l1_inst_block_size,32,l1_data_block_size,32,l1_data_asociativity,12, l1_ist_aso_str,1
iteration no ,62, l2_data_size,1048576B,l2_associativity ,2,l2_block_size ,32,l1_data_size,16384B,l1_inst_size,131072B,l1_inst_block_size,32,l1_data_block_size,32,l1_data_asociativity,12, l1_ist_aso_str,2
iteration no ,63, l2_data_size,1048576B,l2_associativity ,2,l2_block_size ,32,l1_data_size,16384B,l1_inst_size,131072B,l1_inst_block_size,32,l1_data_block_size,32,l1_data_asociativity,12, l1_ist_aso_str,9
iteration no ,64, l2_data_size,1048576B,l2_associativity ,2,l2_block_size ,32,l1_data_size,16384B,l1_inst_size,65536B,l1_inst_block_size,32,l1_data_block_size,32,l1_data_asociativity,1, l1_ist_aso_str,1
iteration no ,65, l2_data_size,1048576B,l2_associativity ,2,l2_block_size ,32,l1_data_size,16384B,l1_inst_size,65536B,l1_inst_block_size,32,l1_data_block_size,32,l1_data_asociativity,1, l1_ist_aso_str,2
iteration no ,66, l2_data_size,1048576B,l2_associativity ,2,l2_block_size ,32,l1_data_size,16384B,l1_inst_size,65536B,l1_inst_block_size,32,l1_data_block_size,32,l1_data_asociativity,1, l1_ist_aso_str,9
iteration no ,67, l2_data_size,1048576B,l2_associativity ,2,l2_block_size ,32,l1_data_size,16384B,l1_inst_size,65536B,l1_inst_block_size,32,l1_data_block_size,32,l1_data_asociativity,2, l1_ist_aso_str,1
iteration no ,68, l2_data_size,1048576B,l2_associativity ,2,l2_block_size ,32,l1_data_size,16384B,l1_inst_size,65536B,l1_inst_block_size,32,l1_data_block_size,32,l1_data_asociativity,2, l1_ist_aso_str,2
iteration no ,69, l2_data_size,1048576B,l2_associativity ,2,l2_block_size ,32,l1_data_size,16384B,l1_inst_size,65536B,l1_inst_block_size,32,l1_data_block_size,32,l1_data_asociativity,2, l1_ist_aso_str,9
iteration no ,70, l2_data_size,1048576B,l2_associativity ,2,l2_block_size ,32,l1_data_size,16384B,l1_inst_size,65536B,l1_inst_block_size,32,l1_data_block_size,32,l1_data_asociativity,11, l1_ist_aso_str,1
iteration no ,71, l2_data_size,1048576B,l2_associativity ,2,l2_block_size ,32,l1_data_size,16384B,l1_inst_size,65536B,l1_inst_block_size,32,l1_data_block_size,32,l1_data_asociativity,11, l1_ist_aso_str,2
iteration no ,72, l2_data_size,1048576B,l2_associativity ,2,l2_block_size ,32,l1_data_size,16384B,l1_inst_size,65536B,l1_inst_block_size,32,l1_data_block_size,32,l1_data_asociativity,11, l1_ist_aso_str,9
iteration no ,73, l2_data_size,1048576B,l2_associativity ,15,l2_block_size ,32,l1_data_size,8192B,l1_inst_size,131072B,l1_inst_block_size,32,l1_data_block_size,32,l1_data_asociativity,1, l1_ist_aso_str,1
iteration no ,74, l2_data_size,1048576B,l2_associativity ,15,l2_block_size ,32,l1_data_size,8192B,l1_inst_size,131072B,l1_inst_block_size,32,l1_data_block_size,32,l1_data_asociativity,1, l1_ist_aso_str,2
iteration no ,75, l2_data_size,1048576B,l2_associativity ,15,l2_block_size ,32,l1_data_size,8192B,l1_inst_size,131072B,l1_inst_block_size,32,l1_data_block_size,32,l1_data_asociativity,1, l1_ist_aso_str,8
iteration no ,76, l2_data_size,1048576B,l2_associativity ,15,l2_block_size ,32,l1_data_size,8192B,l1_inst_size,131072B,l1_inst_block_size,32,l1_data_block_size,32,l1_data_asociativity,2, l1_ist_aso_str,1
iteration no ,77, l2_data_size,1048576B,l2_associativity ,15,l2_block_size ,32,l1_data_size,8192B,l1_inst_size,131072B,l1_inst_block_size,32,l1_data_block_size,32,l1_data_asociativity,2, l1_ist_aso_str,2
iteration no ,78, l2_data_size,1048576B,l2_associativity ,15,l2_block_size ,32,l1_data_size,8192B,l1_inst_size,131072B,l1_inst_block_size,32,l1_data_block_size,32,l1_data_asociativity,2, l1_ist_aso_str,8
iteration no ,79, l2_data_size,1048576B,l2_associativity ,15,l2_block_size ,32,l1_data_size,8192B,l1_inst_size,131072B,l1_inst_block_size,32,l1_data_block_size,32,l1_data_asociativity,12, l1_ist_aso_str,1
iteration no ,80, l2_data_size,1048576B,l2_associativity ,15,l2_block_size ,32,l1_data_size,8192B,l1_inst_size,131072B,l1_inst_block_size,32,l1_data_block_size,32,l1_data_asociativity,12, l1_ist_aso_str,2
iteration no ,81, l2_data_size,1048576B,l2_associativity ,15,l2_block_size ,32,l1_data_size,8192B,l1_inst_size,131072B,l1_inst_block_size,32,l1_data_block_size,32,l1_data_asociativity,12, l1_ist_aso_str,8
iteration no ,82, l2_data_size,1048576B,l2_associativity ,15,l2_block_size ,32,l1_data_size,8192B,l1_inst_size,65536B,l1_inst_block_size,32,l1_data_block_size,32,l1_data_asociativity,1, l1_ist_aso_str,1
iteration no ,83, l2_data_size,1048576B,l2_associativity ,15,l2_block_size ,32,l1_data_size,8192B,l1_inst_size,65536B,l1_inst_block_size,32,l1_data_block_size,32,l1_data_asociativity,1, l1_ist_aso_str,2
iteration no ,84, l2_data_size,1048576B,l2_associativity ,15,l2_block_size ,32,l1_data_size,8192B,l1_inst_size,65536B,l1_inst_block_size,32,l1_data_block_size,32,l1_data_asociativity,1, l1_ist_aso_str,8
iteration no ,85, l2_data_size,1048576B,l2_associativity ,15,l2_block_size ,32,l1_data_size,8192B,l1_inst_size,65536B,l1_inst_block_size,32,l1_data_block_size,32,l1_data_asociativity,2, l1_ist_aso_str,1
iteration no ,86, l2_data_size,1048576B,l2_associativity ,15,l2_block_size ,32,l1_data_size,8192B,l1_inst_size,65536B,l1_inst_block_size,32,l1_data_block_size,32,l1_data_asociativity,2, l1_ist_aso_str,2
iteration no ,87, l2_data_size,1048576B,l2_associativity ,15,l2_block_size ,32,l1_data_size,8192B,l1_inst_size,65536B,l1_inst_block_size,32,l1_data_block_size,32,l1_data_asociativity,2, l1_ist_aso_str,8
iteration no ,88, l2_data_size,1048576B,l2_associativity ,15,l2_block_size ,32,l1_data_size,8192B,l1_inst_size,65536B,l1_inst_block_size,32,l1_data_block_size,32,l1_data_asociativity,11, l1_ist_aso_str,1
iteration no ,89, l2_data_size,1048576B,l2_associativity ,15,l2_block_size ,32,l1_data_size,8192B,l1_inst_size,65536B,l1_inst_block_size,32,l1_data_block_size,32,l1_data_asociativity,11, l1_ist_aso_str,2
iteration no ,90, l2_data_size,1048576B,l2_associativity ,15,l2_block_size ,32,l1_data_size,8192B,l1_inst_size,65536B,l1_inst_block_size,32,l1_data_block_size,32,l1_data_asociativity,11, l1_ist_aso_str,8
iteration no ,91, l2_data_size,1048576B,l2_associativity ,15,l2_block_size ,32,l1_data_size,16384B,l1_inst_size,131072B,l1_inst_block_size,32,l1_data_block_size,32,l1_data_asociativity,1, l1_ist_aso_str,1
iteration no ,92, l2_data_size,1048576B,l2_associativity ,15,l2_block_size ,32,l1_data_size,16384B,l1_inst_size,131072B,l1_inst_block_size,32,l1_data_block_size,32,l1_data_asociativity,1, l1_ist_aso_str,2
iteration no ,93, l2_data_size,1048576B,l2_associativity ,15,l2_block_size ,32,l1_data_size,16384B,l1_inst_size,131072B,l1_inst_block_size,32,l1_data_block_size,32,l1_data_asociativity,1, l1_ist_aso_str,9
iteration no ,94, l2_data_size,1048576B,l2_associativity ,15,l2_block_size ,32,l1_data_size,16384B,l1_inst_size,131072B,l1_inst_block_size,32,l1_data_block_size,32,l1_data_asociativity,2, l1_ist_aso_str,1
iteration no ,95, l2_data_size,1048576B,l2_associativity ,15,l2_block_size ,32,l1_data_size,16384B,l1_inst_size,131072B,l1_inst_block_size,32,l1_data_block_size,32,l1_data_asociativity,2, l1_ist_aso_str,2
iteration no ,96, l2_data_size,1048576B,l2_associativity ,15,l2_block_size ,32,l1_data_size,16384B,l1_inst_size,131072B,l1_inst_block_size,32,l1_data_block_size,32,l1_data_asociativity,2, l1_ist_aso_str,9
iteration no ,97, l2_data_size,1048576B,l2_associativity ,15,l2_block_size ,32,l1_data_size,16384B,l1_inst_size,131072B,l1_inst_block_size,32,l1_data_block_size,32,l1_data_asociativity,12, l1_ist_aso_str,1
iteration no ,98, l2_data_size,1048576B,l2_associativity ,15,l2_block_size ,32,l1_data_size,16384B,l1_inst_size,131072B,l1_inst_block_size,32,l1_data_block_size,32,l1_data_asociativity,12, l1_ist_aso_str,2
iteration no ,99, l2_data_size,1048576B,l2_associativity ,15,l2_block_size ,32,l1_data_size,16384B,l1_inst_size,131072B,l1_inst_block_size,32,l1_data_block_size,32,l1_data_asociativity,12, l1_ist_aso_str,9
iteration no ,100, l2_data_size,1048576B,l2_associativity ,15,l2_block_size ,32,l1_data_size,16384B,l1_inst_size,65536B,l1_inst_block_size,32,l1_data_block_size,32,l1_data_asociativity,1, l1_ist_aso_str,1
iteration no ,101, l2_data_size,1048576B,l2_associativity ,15,l2_block_size ,32,l1_data_size,16384B,l1_inst_size,65536B,l1_inst_block_size,32,l1_data_block_size,32,l1_data_asociativity,1, l1_ist_aso_str,2
iteration no ,102, l2_data_size,1048576B,l2_associativity ,15,l2_block_size ,32,l1_data_size,16384B,l1_inst_size,65536B,l1_inst_block_size,32,l1_data_block_size,32,l1_data_asociativity,1, l1_ist_aso_str,9
iteration no ,103, l2_data_size,1048576B,l2_associativity ,15,l2_block_size ,32,l1_data_size,16384B,l1_inst_size,65536B,l1_inst_block_size,32,l1_data_block_size,32,l1_data_asociativity,2, l1_ist_aso_str,1
iteration no ,104, l2_data_size,1048576B,l2_associativity ,15,l2_block_size ,32,l1_data_size,16384B,l1_inst_size,65536B,l1_inst_block_size,32,l1_data_block_size,32,l1_data_asociativity,2, l1_ist_aso_str,2
iteration no ,105, l2_data_size,1048576B,l2_associativity ,15,l2_block_size ,32,l1_data_size,16384B,l1_inst_size,65536B,l1_inst_block_size,32,l1_data_block_size,32,l1_data_asociativity,2, l1_ist_aso_str,9
iteration no ,106, l2_data_size,1048576B,l2_associativity ,15,l2_block_size ,32,l1_data_size,16384B,l1_inst_size,65536B,l1_inst_block_size,32,l1_data_block_size,32,l1_data_asociativity,11, l1_ist_aso_str,1
iteration no ,107, l2_data_size,1048576B,l2_associativity ,15,l2_block_size ,32,l1_data_size,16384B,l1_inst_size,65536B,l1_inst_block_size,32,l1_data_block_size,32,l1_data_asociativity,11, l1_ist_aso_str,2
iteration no ,108, l2_data_size,1048576B,l2_associativity ,15,l2_block_size ,32,l1_data_size,16384B,l1_inst_size,65536B,l1_inst_block_size,32,l1_data_block_size,32,l1_data_asociativity,11, l1_ist_aso_str,9
iteration no ,109, l2_data_size,1048576B,l2_associativity ,1,l2_block_size ,64,l1_data_size,8192B,l1_inst_size,131072B,l1_inst_block_size,64,l1_data_block_size,64,l1_data_asociativity,1, l1_ist_aso_str,1
iteration no ,110, l2_data_size,1048576B,l2_associativity ,1,l2_block_size ,64,l1_data_size,8192B,l1_inst_size,131072B,l1_inst_block_size,64,l1_data_block_size,64,l1_data_asociativity,1, l1_ist_aso_str,2
iteration no ,111, l2_data_size,1048576B,l2_associativity ,1,l2_block_size ,64,l1_data_size,8192B,l1_inst_size,131072B,l1_inst_block_size,64,l1_data_block_size,64,l1_data_asociativity,1, l1_ist_aso_str,7
iteration no ,112, l2_data_size,1048576B,l2_associativity ,1,l2_block_size ,64,l1_data_size,8192B,l1_inst_size,131072B,l1_inst_block_size,64,l1_data_block_size,64,l1_data_asociativity,2, l1_ist_aso_str,1
iteration no ,113, l2_data_size,1048576B,l2_associativity ,1,l2_block_size ,64,l1_data_size,8192B,l1_inst_size,131072B,l1_inst_block_size,64,l1_data_block_size,64,l1_data_asociativity,2, l1_ist_aso_str,2
iteration no ,114, l2_data_size,1048576B,l2_associativity ,1,l2_block_size ,64,l1_data_size,8192B,l1_inst_size,131072B,l1_inst_block_size,64,l1_data_block_size,64,l1_data_asociativity,2, l1_ist_aso_str,7
iteration no ,115, l2_data_size,1048576B,l2_associativity ,1,l2_block_size ,64,l1_data_size,8192B,l1_inst_size,131072B,l1_inst_block_size,64,l1_data_block_size,64,l1_data_asociativity,11, l1_ist_aso_str,1
iteration no ,116, l2_data_size,1048576B,l2_associativity ,1,l2_block_size ,64,l1_data_size,8192B,l1_inst_size,131072B,l1_inst_block_size,64,l1_data_block_size,64,l1_data_asociativity,11, l1_ist_aso_str,2
iteration no ,117, l2_data_size,1048576B,l2_associativity ,1,l2_block_size ,64,l1_data_size,8192B,l1_inst_size,131072B,l1_inst_block_size,64,l1_data_block_size,64,l1_data_asociativity,11, l1_ist_aso_str,7
iteration no ,118, l2_data_size,1048576B,l2_associativity ,1,l2_block_size ,64,l1_data_size,8192B,l1_inst_size,65536B,l1_inst_block_size,64,l1_data_block_size,64,l1_data_asociativity,1, l1_ist_aso_str,1
iteration no ,119, l2_data_size,1048576B,l2_associativity ,1,l2_block_size ,64,l1_data_size,8192B,l1_inst_size,65536B,l1_inst_block_size,64,l1_data_block_size,64,l1_data_asociativity,1, l1_ist_aso_str,2
iteration no ,120, l2_data_size,1048576B,l2_associativity ,1,l2_block_size ,64,l1_data_size,8192B,l1_inst_size,65536B,l1_inst_block_size,64,l1_data_block_size,64,l1_data_asociativity,1, l1_ist_aso_str,7
iteration no ,121, l2_data_size,1048576B,l2_associativity ,1,l2_block_size ,64,l1_data_size,8192B,l1_inst_size,65536B,l1_inst_block_size,64,l1_data_block_size,64,l1_data_asociativity,2, l1_ist_aso_str,1
iteration no ,122, l2_data_size,1048576B,l2_associativity ,1,l2_block_size ,64,l1_data_size,8192B,l1_inst_size,65536B,l1_inst_block_size,64,l1_data_block_size,64,l1_data_asociativity,2, l1_ist_aso_str,2
iteration no ,123, l2_data_size,1048576B,l2_associativity ,1,l2_block_size ,64,l1_data_size,8192B,l1_inst_size,65536B,l1_inst_block_size,64,l1_data_block_size,64,l1_data_asociativity,2, l1_ist_aso_str,7
iteration no ,124, l2_data_size,1048576B,l2_associativity ,1,l2_block_size ,64,l1_data_size,8192B,l1_inst_size,65536B,l1_inst_block_size,64,l1_data_block_size,64,l1_data_asociativity,10, l1_ist_aso_str,1
iteration no ,125, l2_data_size,1048576B,l2_associativity ,1,l2_block_size ,64,l1_data_size,8192B,l1_inst_size,65536B,l1_inst_block_size,64,l1_data_block_size,64,l1_data_asociativity,10, l1_ist_aso_str,2
iteration no ,126, l2_data_size,1048576B,l2_associativity ,1,l2_block_size ,64,l1_data_size,8192B,l1_inst_size,65536B,l1_inst_block_size,64,l1_data_block_size,64,l1_data_asociativity,10, l1_ist_aso_str,7
iteration no ,127, l2_data_size,1048576B,l2_associativity ,1,l2_block_size ,64,l1_data_size,16384B,l1_inst_size,131072B,l1_inst_block_size,64,l1_data_block_size,64,l1_data_asociativity,1, l1_ist_aso_str,1
iteration no ,128, l2_data_size,1048576B,l2_associativity ,1,l2_block_size ,64,l1_data_size,16384B,l1_inst_size,131072B,l1_inst_block_size,64,l1_data_block_size,64,l1_data_asociativity,1, l1_ist_aso_str,2
iteration no ,129, l2_data_size,1048576B,l2_associativity ,1,l2_block_size ,64,l1_data_size,16384B,l1_inst_size,131072B,l1_inst_block_size,64,l1_data_block_size,64,l1_data_asociativity,1, l1_ist_aso_str,8
iteration no ,130, l2_data_size,1048576B,l2_associativity ,1,l2_block_size ,64,l1_data_size,16384B,l1_inst_size,131072B,l1_inst_block_size,64,l1_data_block_size,64,l1_data_asociativity,2, l1_ist_aso_str,1
iteration no ,131, l2_data_size,1048576B,l2_associativity ,1,l2_block_size ,64,l1_data_size,16384B,l1_inst_size,131072B,l1_inst_block_size,64,l1_data_block_size,64,l1_data_asociativity,2, l1_ist_aso_str,2
iteration no ,132, l2_data_size,1048576B,l2_associativity ,1,l2_block_size ,64,l1_data_size,16384B,l1_inst_size,131072B,l1_inst_block_size,64,l1_data_block_size,64,l1_data_asociativity,2, l1_ist_aso_str,8
iteration no ,133, l2_data_size,1048576B,l2_associativity ,1,l2_block_size ,64,l1_data_size,16384B,l1_inst_size,131072B,l1_inst_block_size,64,l1_data_block_size,64,l1_data_asociativity,11, l1_ist_aso_str,1
iteration no ,134, l2_data_size,1048576B,l2_associativity ,1,l2_block_size ,64,l1_data_size,16384B,l1_inst_size,131072B,l1_inst_block_size,64,l1_data_block_size,64,l1_data_asociativity,11, l1_ist_aso_str,2
iteration no ,135, l2_data_size,1048576B,l2_associativity ,1,l2_block_size ,64,l1_data_size,16384B,l1_inst_size,131072B,l1_inst_block_size,64,l1_data_block_size,64,l1_data_asociativity,11, l1_ist_aso_str,8
iteration no ,136, l2_data_size,1048576B,l2_associativity ,1,l2_block_size ,64,l1_data_size,16384B,l1_inst_size,65536B,l1_inst_block_size,64,l1_data_block_size,64,l1_data_asociativity,1, l1_ist_aso_str,1
iteration no ,137, l2_data_size,1048576B,l2_associativity ,1,l2_block_size ,64,l1_data_size,16384B,l1_inst_size,65536B,l1_inst_block_size,64,l1_data_block_size,64,l1_data_asociativity,1, l1_ist_aso_str,2
iteration no ,138, l2_data_size,1048576B,l2_associativity ,1,l2_block_size ,64,l1_data_size,16384B,l1_inst_size,65536B,l1_inst_block_size,64,l1_data_block_size,64,l1_data_asociativity,1, l1_ist_aso_str,8
iteration no ,139, l2_data_size,1048576B,l2_associativity ,1,l2_block_size ,64,l1_data_size,16384B,l1_inst_size,65536B,l1_inst_block_size,64,l1_data_block_size,64,l1_data_asociativity,2, l1_ist_aso_str,1
iteration no ,140, l2_data_size,1048576B,l2_associativity ,1,l2_block_size ,64,l1_data_size,16384B,l1_inst_size,65536B,l1_inst_block_size,64,l1_data_block_size,64,l1_data_asociativity,2, l1_ist_aso_str,2
iteration no ,141, l2_data_size,1048576B,l2_associativity ,1,l2_block_size ,64,l1_data_size,16384B,l1_inst_size,65536B,l1_inst_block_size,64,l1_data_block_size,64,l1_data_asociativity,2, l1_ist_aso_str,8
iteration no ,142, l2_data_size,1048576B,l2_associativity ,1,l2_block_size ,64,l1_data_size,16384B,l1_inst_size,65536B,l1_inst_block_size,64,l1_data_block_size,64,l1_data_asociativity,10, l1_ist_aso_str,1
iteration no ,143, l2_data_size,1048576B,l2_associativity ,1,l2_block_size ,64,l1_data_size,16384B,l1_inst_size,65536B,l1_inst_block_size,64,l1_data_block_size,64,l1_data_asociativity,10, l1_ist_aso_str,2
iteration no ,144, l2_data_size,1048576B,l2_associativity ,1,l2_block_size ,64,l1_data_size,16384B,l1_inst_size,65536B,l1_inst_block_size,64,l1_data_block_size,64,l1_data_asociativity,10, l1_ist_aso_str,8
iteration no ,145, l2_data_size,1048576B,l2_associativity ,2,l2_block_size ,64,l1_data_size,8192B,l1_inst_size,131072B,l1_inst_block_size,64,l1_data_block_size,64,l1_data_asociativity,1, l1_ist_aso_str,1
iteration no ,146, l2_data_size,1048576B,l2_associativity ,2,l2_block_size ,64,l1_data_size,8192B,l1_inst_size,131072B,l1_inst_block_size,64,l1_data_block_size,64,l1_data_asociativity,1, l1_ist_aso_str,2
iteration no ,147, l2_data_size,1048576B,l2_associativity ,2,l2_block_size ,64,l1_data_size,8192B,l1_inst_size,131072B,l1_inst_block_size,64,l1_data_block_size,64,l1_data_asociativity,1, l1_ist_aso_str,7
iteration no ,148, l2_data_size,1048576B,l2_associativity ,2,l2_block_size ,64,l1_data_size,8192B,l1_inst_size,131072B,l1_inst_block_size,64,l1_data_block_size,64,l1_data_asociativity,2, l1_ist_aso_str,1
iteration no ,149, l2_data_size,1048576B,l2_associativity ,2,l2_block_size ,64,l1_data_size,8192B,l1_inst_size,131072B,l1_inst_block_size,64,l1_data_block_size,64,l1_data_asociativity,2, l1_ist_aso_str,2
iteration no ,150, l2_data_size,1048576B,l2_associativity ,2,l2_block_size ,64,l1_data_size,8192B,l1_inst_size,131072B,l1_inst_block_size,64,l1_data_block_size,64,l1_data_asociativity,2, l1_ist_aso_str,7
iteration no ,151, l2_data_size,1048576B,l2_associativity ,2,l2_block_size ,64,l1_data_size,8192B,l1_inst_size,131072B,l1_inst_block_size,64,l1_data_block_size,64,l1_data_asociativity,11, l1_ist_aso_str,1
iteration no ,152, l2_data_size,1048576B,l2_associativity ,2,l2_block_size ,64,l1_data_size,8192B,l1_inst_size,131072B,l1_inst_block_size,64,l1_data_block_size,64,l1_data_asociativity,11, l1_ist_aso_str,2
iteration no ,153, l2_data_size,1048576B,l2_associativity ,2,l2_block_size ,64,l1_data_size,8192B,l1_inst_size,131072B,l1_inst_block_size,64,l1_data_block_size,64,l1_data_asociativity,11, l1_ist_aso_str,7
iteration no ,154, l2_data_size,1048576B,l2_associativity ,2,l2_block_size ,64,l1_data_size,8192B,l1_inst_size,65536B,l1_inst_block_size,64,l1_data_block_size,64,l1_data_asociativity,1, l1_ist_aso_str,1
iteration no ,155, l2_data_size,1048576B,l2_associativity ,2,l2_block_size ,64,l1_data_size,8192B,l1_inst_size,65536B,l1_inst_block_size,64,l1_data_block_size,64,l1_data_asociativity,1, l1_ist_aso_str,2
iteration no ,156, l2_data_size,1048576B,l2_associativity ,2,l2_block_size ,64,l1_data_size,8192B,l1_inst_size,65536B,l1_inst_block_size,64,l1_data_block_size,64,l1_data_asociativity,1, l1_ist_aso_str,7
iteration no ,157, l2_data_size,1048576B,l2_associativity ,2,l2_block_size ,64,l1_data_size,8192B,l1_inst_size,65536B,l1_inst_block_size,64,l1_data_block_size,64,l1_data_asociativity,2, l1_ist_aso_str,1
iteration no ,158, l2_data_size,1048576B,l2_associativity ,2,l2_block_size ,64,l1_data_size,8192B,l1_inst_size,65536B,l1_inst_block_size,64,l1_data_block_size,64,l1_data_asociativity,2, l1_ist_aso_str,2
iteration no ,159, l2_data_size,1048576B,l2_associativity ,2,l2_block_size ,64,l1_data_size,8192B,l1_inst_size,65536B,l1_inst_block_size,64,l1_data_block_size,64,l1_data_asociativity,2, l1_ist_aso_str,7
iteration no ,160, l2_data_size,1048576B,l2_associativity ,2,l2_block_size ,64,l1_data_size,8192B,l1_inst_size,65536B,l1_inst_block_size,64,l1_data_block_size,64,l1_data_asociativity,10, l1_ist_aso_str,1
iteration no ,161, l2_data_size,1048576B,l2_associativity ,2,l2_block_size ,64,l1_data_size,8192B,l1_inst_size,65536B,l1_inst_block_size,64,l1_data_block_size,64,l1_data_asociativity,10, l1_ist_aso_str,2
iteration no ,162, l2_data_size,1048576B,l2_associativity ,2,l2_block_size ,64,l1_data_size,8192B,l1_inst_size,65536B,l1_inst_block_size,64,l1_data_block_size,64,l1_data_asociativity,10, l1_ist_aso_str,7
iteration no ,163, l2_data_size,1048576B,l2_associativity ,2,l2_block_size ,64,l1_data_size,16384B,l1_inst_size,131072B,l1_inst_block_size,64,l1_data_block_size,64,l1_data_asociativity,1, l1_ist_aso_str,1
iteration no ,164, l2_data_size,1048576B,l2_associativity ,2,l2_block_size ,64,l1_data_size,16384B,l1_inst_size,131072B,l1_inst_block_size,64,l1_data_block_size,64,l1_data_asociativity,1, l1_ist_aso_str,2
iteration no ,165, l2_data_size,1048576B,l2_associativity ,2,l2_block_size ,64,l1_data_size,16384B,l1_inst_size,131072B,l1_inst_block_size,64,l1_data_block_size,64,l1_data_asociativity,1, l1_ist_aso_str,8
iteration no ,166, l2_data_size,1048576B,l2_associativity ,2,l2_block_size ,64,l1_data_size,16384B,l1_inst_size,131072B,l1_inst_block_size,64,l1_data_block_size,64,l1_data_asociativity,2, l1_ist_aso_str,1
iteration no ,167, l2_data_size,1048576B,l2_associativity ,2,l2_block_size ,64,l1_data_size,16384B,l1_inst_size,131072B,l1_inst_block_size,64,l1_data_block_size,64,l1_data_asociativity,2, l1_ist_aso_str,2
iteration no ,168, l2_data_size,1048576B,l2_associativity ,2,l2_block_size ,64,l1_data_size,16384B,l1_inst_size,131072B,l1_inst_block_size,64,l1_data_block_size,64,l1_data_asociativity,2, l1_ist_aso_str,8
iteration no ,169, l2_data_size,1048576B,l2_associativity ,2,l2_block_size ,64,l1_data_size,16384B,l1_inst_size,131072B,l1_inst_block_size,64,l1_data_block_size,64,l1_data_asociativity,11, l1_ist_aso_str,1
iteration no ,170, l2_data_size,1048576B,l2_associativity ,2,l2_block_size ,64,l1_data_size,16384B,l1_inst_size,131072B,l1_inst_block_size,64,l1_data_block_size,64,l1_data_asociativity,11, l1_ist_aso_str,2
iteration no ,171, l2_data_size,1048576B,l2_associativity ,2,l2_block_size ,64,l1_data_size,16384B,l1_inst_size,131072B,l1_inst_block_size,64,l1_data_block_size,64,l1_data_asociativity,11, l1_ist_aso_str,8
iteration no ,172, l2_data_size,1048576B,l2_associativity ,2,l2_block_size ,64,l1_data_size,16384B,l1_inst_size,65536B,l1_inst_block_size,64,l1_data_block_size,64,l1_data_asociativity,1, l1_ist_aso_str,1
iteration no ,173, l2_data_size,1048576B,l2_associativity ,2,l2_block_size ,64,l1_data_size,16384B,l1_inst_size,65536B,l1_inst_block_size,64,l1_data_block_size,64,l1_data_asociativity,1, l1_ist_aso_str,2
iteration no ,174, l2_data_size,1048576B,l2_associativity ,2,l2_block_size ,64,l1_data_size,16384B,l1_inst_size,65536B,l1_inst_block_size,64,l1_data_block_size,64,l1_data_asociativity,1, l1_ist_aso_str,8
iteration no ,175, l2_data_size,1048576B,l2_associativity ,2,l2_block_size ,64,l1_data_size,16384B,l1_inst_size,65536B,l1_inst_block_size,64,l1_data_block_size,64,l1_data_asociativity,2, l1_ist_aso_str,1
iteration no ,176, l2_data_size,1048576B,l2_associativity ,2,l2_block_size ,64,l1_data_size,16384B,l1_inst_size,65536B,l1_inst_block_size,64,l1_data_block_size,64,l1_data_asociativity,2, l1_ist_aso_str,2
iteration no ,177, l2_data_size,1048576B,l2_associativity ,2,l2_block_size ,64,l1_data_size,16384B,l1_inst_size,65536B,l1_inst_block_size,64,l1_data_block_size,64,l1_data_asociativity,2, l1_ist_aso_str,8
iteration no ,178, l2_data_size,1048576B,l2_associativity ,2,l2_block_size ,64,l1_data_size,16384B,l1_inst_size,65536B,l1_inst_block_size,64,l1_data_block_size,64,l1_data_asociativity,10, l1_ist_aso_str,1
iteration no ,179, l2_data_size,1048576B,l2_associativity ,2,l2_block_size ,64,l1_data_size,16384B,l1_inst_size,65536B,l1_inst_block_size,64,l1_data_block_size,64,l1_data_asociativity,10, l1_ist_aso_str,2
iteration no ,180, l2_data_size,1048576B,l2_associativity ,2,l2_block_size ,64,l1_data_size,16384B,l1_inst_size,65536B,l1_inst_block_size,64,l1_data_block_size,64,l1_data_asociativity,10, l1_ist_aso_str,8
iteration no ,181, l2_data_size,1048576B,l2_associativity ,13,l2_block_size ,64,l1_data_size,8192B,l1_inst_size,131072B,l1_inst_block_size,64,l1_data_block_size,64,l1_data_asociativity,1, l1_ist_aso_str,1
iteration no ,182, l2_data_size,1048576B,l2_associativity ,13,l2_block_size ,64,l1_data_size,8192B,l1_inst_size,131072B,l1_inst_block_size,64,l1_data_block_size,64,l1_data_asociativity,1, l1_ist_aso_str,2
iteration no ,183, l2_data_size,1048576B,l2_associativity ,13,l2_block_size ,64,l1_data_size,8192B,l1_inst_size,131072B,l1_inst_block_size,64,l1_data_block_size,64,l1_data_asociativity,1, l1_ist_aso_str,7
iteration no ,184, l2_data_size,1048576B,l2_associativity ,13,l2_block_size ,64,l1_data_size,8192B,l1_inst_size,131072B,l1_inst_block_size,64,l1_data_block_size,64,l1_data_asociativity,2, l1_ist_aso_str,1
iteration no ,185, l2_data_size,1048576B,l2_associativity ,13,l2_block_size ,64,l1_data_size,8192B,l1_inst_size,131072B,l1_inst_block_size,64,l1_data_block_size,64,l1_data_asociativity,2, l1_ist_aso_str,2
iteration no ,186, l2_data_size,1048576B,l2_associativity ,13,l2_block_size ,64,l1_data_size,8192B,l1_inst_size,131072B,l1_inst_block_size,64,l1_data_block_size,64,l1_data_asociativity,2, l1_ist_aso_str,7
iteration no ,187, l2_data_size,1048576B,l2_associativity ,13,l2_block_size ,64,l1_data_size,8192B,l1_inst_size,131072B,l1_inst_block_size,64,l1_data_block_size,64,l1_data_asociativity,11, l1_ist_aso_str,1
iteration no ,188, l2_data_size,1048576B,l2_associativity ,13,l2_block_size ,64,l1_data_size,8192B,l1_inst_size,131072B,l1_inst_block_size,64,l1_data_block_size,64,l1_data_asociativity,11, l1_ist_aso_str,2
iteration no ,189, l2_data_size,1048576B,l2_associativity ,13,l2_block_size ,64,l1_data_size,8192B,l1_inst_size,131072B,l1_inst_block_size,64,l1_data_block_size,64,l1_data_asociativity,11, l1_ist_aso_str,7
iteration no ,190, l2_data_size,1048576B,l2_associativity ,13,l2_block_size ,64,l1_data_size,8192B,l1_inst_size,65536B,l1_inst_block_size,64,l1_data_block_size,64,l1_data_asociativity,1, l1_ist_aso_str,1
iteration no ,191, l2_data_size,1048576B,l2_associativity ,13,l2_block_size ,64,l1_data_size,8192B,l1_inst_size,65536B,l1_inst_block_size,64,l1_data_block_size,64,l1_data_asociativity,1, l1_ist_aso_str,2
iteration no ,192, l2_data_size,1048576B,l2_associativity ,13,l2_block_size ,64,l1_data_size,8192B,l1_inst_size,65536B,l1_inst_block_size,64,l1_data_block_size,64,l1_data_asociativity,1, l1_ist_aso_str,7
iteration no ,193, l2_data_size,1048576B,l2_associativity ,13,l2_block_size ,64,l1_data_size,8192B,l1_inst_size,65536B,l1_inst_block_size,64,l1_data_block_size,64,l1_data_asociativity,2, l1_ist_aso_str,1
iteration no ,194, l2_data_size,1048576B,l2_associativity ,13,l2_block_size ,64,l1_data_size,8192B,l1_inst_size,65536B,l1_inst_block_size,64,l1_data_block_size,64,l1_data_asociativity,2, l1_ist_aso_str,2
iteration no ,195, l2_data_size,1048576B,l2_associativity ,13,l2_block_size ,64,l1_data_size,8192B,l1_inst_size,65536B,l1_inst_block_size,64,l1_data_block_size,64,l1_data_asociativity,2, l1_ist_aso_str,7
iteration no ,196, l2_data_size,1048576B,l2_associativity ,13,l2_block_size ,64,l1_data_size,8192B,l1_inst_size,65536B,l1_inst_block_size,64,l1_data_block_size,64,l1_data_asociativity,10, l1_ist_aso_str,1
iteration no ,197, l2_data_size,1048576B,l2_associativity ,13,l2_block_size ,64,l1_data_size,8192B,l1_inst_size,65536B,l1_inst_block_size,64,l1_data_block_size,64,l1_data_asociativity,10, l1_ist_aso_str,2
iteration no ,198, l2_data_size,1048576B,l2_associativity ,13,l2_block_size ,64,l1_data_size,8192B,l1_inst_size,65536B,l1_inst_block_size,64,l1_data_block_size,64,l1_data_asociativity,10, l1_ist_aso_str,7
iteration no ,199, l2_data_size,1048576B,l2_associativity ,13,l2_block_size ,64,l1_data_size,16384B,l1_inst_size,131072B,l1_inst_block_size,64,l1_data_block_size,64,l1_data_asociativity,1, l1_ist_aso_str,1
iteration no ,200, l2_data_size,1048576B,l2_associativity ,13,l2_block_size ,64,l1_data_size,16384B,l1_inst_size,131072B,l1_inst_block_size,64,l1_data_block_size,64,l1_data_asociativity,1, l1_ist_aso_str,2
iteration no ,201, l2_data_size,1048576B,l2_associativity ,13,l2_block_size ,64,l1_data_size,16384B,l1_inst_size,131072B,l1_inst_block_size,64,l1_data_block_size,64,l1_data_asociativity,1, l1_ist_aso_str,8
iteration no ,202, l2_data_size,1048576B,l2_associativity ,13,l2_block_size ,64,l1_data_size,16384B,l1_inst_size,131072B,l1_inst_block_size,64,l1_data_block_size,64,l1_data_asociativity,2, l1_ist_aso_str,1
iteration no ,203, l2_data_size,1048576B,l2_associativity ,13,l2_block_size ,64,l1_data_size,16384B,l1_inst_size,131072B,l1_inst_block_size,64,l1_data_block_size,64,l1_data_asociativity,2, l1_ist_aso_str,2
iteration no ,204, l2_data_size,1048576B,l2_associativity ,13,l2_block_size ,64,l1_data_size,16384B,l1_inst_size,131072B,l1_inst_block_size,64,l1_data_block_size,64,l1_data_asociativity,2, l1_ist_aso_str,8
iteration no ,205, l2_data_size,1048576B,l2_associativity ,13,l2_block_size ,64,l1_data_size,16384B,l1_inst_size,131072B,l1_inst_block_size,64,l1_data_block_size,64,l1_data_asociativity,11, l1_ist_aso_str,1
iteration no ,206, l2_data_size,1048576B,l2_associativity ,13,l2_block_size ,64,l1_data_size,16384B,l1_inst_size,131072B,l1_inst_block_size,64,l1_data_block_size,64,l1_data_asociativity,11, l1_ist_aso_str,2
iteration no ,207, l2_data_size,1048576B,l2_associativity ,13,l2_block_size ,64,l1_data_size,16384B,l1_inst_size,131072B,l1_inst_block_size,64,l1_data_block_size,64,l1_data_asociativity,11, l1_ist_aso_str,8
iteration no ,208, l2_data_size,1048576B,l2_associativity ,13,l2_block_size ,64,l1_data_size,16384B,l1_inst_size,65536B,l1_inst_block_size,64,l1_data_block_size,64,l1_data_asociativity,1, l1_ist_aso_str,1
iteration no ,209, l2_data_size,1048576B,l2_associativity ,13,l2_block_size ,64,l1_data_size,16384B,l1_inst_size,65536B,l1_inst_block_size,64,l1_data_block_size,64,l1_data_asociativity,1, l1_ist_aso_str,2
iteration no ,210, l2_data_size,1048576B,l2_associativity ,13,l2_block_size ,64,l1_data_size,16384B,l1_inst_size,65536B,l1_inst_block_size,64,l1_data_block_size,64,l1_data_asociativity,1, l1_ist_aso_str,8
iteration no ,211, l2_data_size,1048576B,l2_associativity ,13,l2_block_size ,64,l1_data_size,16384B,l1_inst_size,65536B,l1_inst_block_size,64,l1_data_block_size,64,l1_data_asociativity,2, l1_ist_aso_str,1
iteration no ,212, l2_data_size,1048576B,l2_associativity ,13,l2_block_size ,64,l1_data_size,16384B,l1_inst_size,65536B,l1_inst_block_size,64,l1_data_block_size,64,l1_data_asociativity,2, l1_ist_aso_str,2
iteration no ,213, l2_data_size,1048576B,l2_associativity ,13,l2_block_size ,64,l1_data_size,16384B,l1_inst_size,65536B,l1_inst_block_size,64,l1_data_block_size,64,l1_data_asociativity,2, l1_ist_aso_str,8
iteration no ,214, l2_data_size,1048576B,l2_associativity ,13,l2_block_size ,64,l1_data_size,16384B,l1_inst_size,65536B,l1_inst_block_size,64,l1_data_block_size,64,l1_data_asociativity,10, l1_ist_aso_str,1
iteration no ,215, l2_data_size,1048576B,l2_associativity ,13,l2_block_size ,64,l1_data_size,16384B,l1_inst_size,65536B,l1_inst_block_size,64,l1_data_block_size,64,l1_data_asociativity,10, l1_ist_aso_str,2
iteration no ,216, l2_data_size,1048576B,l2_associativity ,13,l2_block_size ,64,l1_data_size,16384B,l1_inst_size,65536B,l1_inst_block_size,64,l1_data_block_size,64,l1_data_asociativity,10, l1_ist_aso_str,8
iteration no ,217, l2_data_size,524288B,l2_associativity ,1,l2_block_size ,32,l1_data_size,8192B,l1_inst_size,131072B,l1_inst_block_size,32,l1_data_block_size,32,l1_data_asociativity,1, l1_ist_aso_str,1
iteration no ,218, l2_data_size,524288B,l2_associativity ,1,l2_block_size ,32,l1_data_size,8192B,l1_inst_size,131072B,l1_inst_block_size,32,l1_data_block_size,32,l1_data_asociativity,1, l1_ist_aso_str,2
iteration no ,219, l2_data_size,524288B,l2_associativity ,1,l2_block_size ,32,l1_data_size,8192B,l1_inst_size,131072B,l1_inst_block_size,32,l1_data_block_size,32,l1_data_asociativity,1, l1_ist_aso_str,8
iteration no ,220, l2_data_size,524288B,l2_associativity ,1,l2_block_size ,32,l1_data_size,8192B,l1_inst_size,131072B,l1_inst_block_size,32,l1_data_block_size,32,l1_data_asociativity,2, l1_ist_aso_str,1
iteration no ,221, l2_data_size,524288B,l2_associativity ,1,l2_block_size ,32,l1_data_size,8192B,l1_inst_size,131072B,l1_inst_block_size,32,l1_data_block_size,32,l1_data_asociativity,2, l1_ist_aso_str,2
iteration no ,222, l2_data_size,524288B,l2_associativity ,1,l2_block_size ,32,l1_data_size,8192B,l1_inst_size,131072B,l1_inst_block_size,32,l1_data_block_size,32,l1_data_asociativity,2, l1_ist_aso_str,8
iteration no ,223, l2_data_size,524288B,l2_associativity ,1,l2_block_size ,32,l1_data_size,8192B,l1_inst_size,131072B,l1_inst_block_size,32,l1_data_block_size,32,l1_data_asociativity,12, l1_ist_aso_str,1
iteration no ,224, l2_data_size,524288B,l2_associativity ,1,l2_block_size ,32,l1_data_size,8192B,l1_inst_size,131072B,l1_inst_block_size,32,l1_data_block_size,32,l1_data_asociativity,12, l1_ist_aso_str,2
iteration no ,225, l2_data_size,524288B,l2_associativity ,1,l2_block_size ,32,l1_data_size,8192B,l1_inst_size,131072B,l1_inst_block_size,32,l1_data_block_size,32,l1_data_asociativity,12, l1_ist_aso_str,8
iteration no ,226, l2_data_size,524288B,l2_associativity ,1,l2_block_size ,32,l1_data_size,8192B,l1_inst_size,65536B,l1_inst_block_size,32,l1_data_block_size,32,l1_data_asociativity,1, l1_ist_aso_str,1
iteration no ,227, l2_data_size,524288B,l2_associativity ,1,l2_block_size ,32,l1_data_size,8192B,l1_inst_size,65536B,l1_inst_block_size,32,l1_data_block_size,32,l1_data_asociativity,1, l1_ist_aso_str,2
iteration no ,228, l2_data_size,524288B,l2_associativity ,1,l2_block_size ,32,l1_data_size,8192B,l1_inst_size,65536B,l1_inst_block_size,32,l1_data_block_size,32,l1_data_asociativity,1, l1_ist_aso_str,8
iteration no ,229, l2_data_size,524288B,l2_associativity ,1,l2_block_size ,32,l1_data_size,8192B,l1_inst_size,65536B,l1_inst_block_size,32,l1_data_block_size,32,l1_data_asociativity,2, l1_ist_aso_str,1
iteration no ,230, l2_data_size,524288B,l2_associativity ,1,l2_block_size ,32,l1_data_size,8192B,l1_inst_size,65536B,l1_inst_block_size,32,l1_data_block_size,32,l1_data_asociativity,2, l1_ist_aso_str,2
iteration no ,231, l2_data_size,524288B,l2_associativity ,1,l2_block_size ,32,l1_data_size,8192B,l1_inst_size,65536B,l1_inst_block_size,32,l1_data_block_size,32,l1_data_asociativity,2, l1_ist_aso_str,8
iteration no ,232, l2_data_size,524288B,l2_associativity ,1,l2_block_size ,32,l1_data_size,8192B,l1_inst_size,65536B,l1_inst_block_size,32,l1_data_block_size,32,l1_data_asociativity,11, l1_ist_aso_str,1
iteration no ,233, l2_data_size,524288B,l2_associativity ,1,l2_block_size ,32,l1_data_size,8192B,l1_inst_size,65536B,l1_inst_block_size,32,l1_data_block_size,32,l1_data_asociativity,11, l1_ist_aso_str,2
iteration no ,234, l2_data_size,524288B,l2_associativity ,1,l2_block_size ,32,l1_data_size,8192B,l1_inst_size,65536B,l1_inst_block_size,32,l1_data_block_size,32,l1_data_asociativity,11, l1_ist_aso_str,8
iteration no ,235, l2_data_size,524288B,l2_associativity ,1,l2_block_size ,32,l1_data_size,16384B,l1_inst_size,131072B,l1_inst_block_size,32,l1_data_block_size,32,l1_data_asociativity,1, l1_ist_aso_str,1
iteration no ,236, l2_data_size,524288B,l2_associativity ,1,l2_block_size ,32,l1_data_size,16384B,l1_inst_size,131072B,l1_inst_block_size,32,l1_data_block_size,32,l1_data_asociativity,1, l1_ist_aso_str,2
iteration no ,237, l2_data_size,524288B,l2_associativity ,1,l2_block_size ,32,l1_data_size,16384B,l1_inst_size,131072B,l1_inst_block_size,32,l1_data_block_size,32,l1_data_asociativity,1, l1_ist_aso_str,9
iteration no ,238, l2_data_size,524288B,l2_associativity ,1,l2_block_size ,32,l1_data_size,16384B,l1_inst_size,131072B,l1_inst_block_size,32,l1_data_block_size,32,l1_data_asociativity,2, l1_ist_aso_str,1
iteration no ,239, l2_data_size,524288B,l2_associativity ,1,l2_block_size ,32,l1_data_size,16384B,l1_inst_size,131072B,l1_inst_block_size,32,l1_data_block_size,32,l1_data_asociativity,2, l1_ist_aso_str,2
iteration no ,240, l2_data_size,524288B,l2_associativity ,1,l2_block_size ,32,l1_data_size,16384B,l1_inst_size,131072B,l1_inst_block_size,32,l1_data_block_size,32,l1_data_asociativity,2, l1_ist_aso_str,9
iteration no ,241, l2_data_size,524288B,l2_associativity ,1,l2_block_size ,32,l1_data_size,16384B,l1_inst_size,131072B,l1_inst_block_size,32,l1_data_block_size,32,l1_data_asociativity,12, l1_ist_aso_str,1
iteration no ,242, l2_data_size,524288B,l2_associativity ,1,l2_block_size ,32,l1_data_size,16384B,l1_inst_size,131072B,l1_inst_block_size,32,l1_data_block_size,32,l1_data_asociativity,12, l1_ist_aso_str,2
iteration no ,243, l2_data_size,524288B,l2_associativity ,1,l2_block_size ,32,l1_data_size,16384B,l1_inst_size,131072B,l1_inst_block_size,32,l1_data_block_size,32,l1_data_asociativity,12, l1_ist_aso_str,9
iteration no ,244, l2_data_size,524288B,l2_associativity ,1,l2_block_size ,32,l1_data_size,16384B,l1_inst_size,65536B,l1_inst_block_size,32,l1_data_block_size,32,l1_data_asociativity,1, l1_ist_aso_str,1
iteration no ,245, l2_data_size,524288B,l2_associativity ,1,l2_block_size ,32,l1_data_size,16384B,l1_inst_size,65536B,l1_inst_block_size,32,l1_data_block_size,32,l1_data_asociativity,1, l1_ist_aso_str,2
iteration no ,246, l2_data_size,524288B,l2_associativity ,1,l2_block_size ,32,l1_data_size,16384B,l1_inst_size,65536B,l1_inst_block_size,32,l1_data_block_size,32,l1_data_asociativity,1, l1_ist_aso_str,9
iteration no ,247, l2_data_size,524288B,l2_associativity ,1,l2_block_size ,32,l1_data_size,16384B,l1_inst_size,65536B,l1_inst_block_size,32,l1_data_block_size,32,l1_data_asociativity,2, l1_ist_aso_str,1
iteration no ,248, l2_data_size,524288B,l2_associativity ,1,l2_block_size ,32,l1_data_size,16384B,l1_inst_size,65536B,l1_inst_block_size,32,l1_data_block_size,32,l1_data_asociativity,2, l1_ist_aso_str,2
iteration no ,249, l2_data_size,524288B,l2_associativity ,1,l2_block_size ,32,l1_data_size,16384B,l1_inst_size,65536B,l1_inst_block_size,32,l1_data_block_size,32,l1_data_asociativity,2, l1_ist_aso_str,9
iteration no ,250, l2_data_size,524288B,l2_associativity ,1,l2_block_size ,32,l1_data_size,16384B,l1_inst_size,65536B,l1_inst_block_size,32,l1_data_block_size,32,l1_data_asociativity,11, l1_ist_aso_str,1
iteration no ,251, l2_data_size,524288B,l2_associativity ,1,l2_block_size ,32,l1_data_size,16384B,l1_inst_size,65536B,l1_inst_block_size,32,l1_data_block_size,32,l1_data_asociativity,11, l1_ist_aso_str,2
iteration no ,252, l2_data_size,524288B,l2_associativity ,1,l2_block_size ,32,l1_data_size,16384B,l1_inst_size,65536B,l1_inst_block_size,32,l1_data_block_size,32,l1_data_asociativity,11, l1_ist_aso_str,9
iteration no ,253, l2_data_size,524288B,l2_associativity ,2,l2_block_size ,32,l1_data_size,8192B,l1_inst_size,131072B,l1_inst_block_size,32,l1_data_block_size,32,l1_data_asociativity,1, l1_ist_aso_str,1
iteration no ,254, l2_data_size,524288B,l2_associativity ,2,l2_block_size ,32,l1_data_size,8192B,l1_inst_size,131072B,l1_inst_block_size,32,l1_data_block_size,32,l1_data_asociativity,1, l1_ist_aso_str,2
iteration no ,255, l2_data_size,524288B,l2_associativity ,2,l2_block_size ,32,l1_data_size,8192B,l1_inst_size,131072B,l1_inst_block_size,32,l1_data_block_size,32,l1_data_asociativity,1, l1_ist_aso_str,8
iteration no ,256, l2_data_size,524288B,l2_associativity ,2,l2_block_size ,32,l1_data_size,8192B,l1_inst_size,131072B,l1_inst_block_size,32,l1_data_block_size,32,l1_data_asociativity,2, l1_ist_aso_str,1
iteration no ,257, l2_data_size,524288B,l2_associativity ,2,l2_block_size ,32,l1_data_size,8192B,l1_inst_size,131072B,l1_inst_block_size,32,l1_data_block_size,32,l1_data_asociativity,2, l1_ist_aso_str,2
iteration no ,258, l2_data_size,524288B,l2_associativity ,2,l2_block_size ,32,l1_data_size,8192B,l1_inst_size,131072B,l1_inst_block_size,32,l1_data_block_size,32,l1_data_asociativity,2, l1_ist_aso_str,8
iteration no ,259, l2_data_size,524288B,l2_associativity ,2,l2_block_size ,32,l1_data_size,8192B,l1_inst_size,131072B,l1_inst_block_size,32,l1_data_block_size,32,l1_data_asociativity,12, l1_ist_aso_str,1
iteration no ,260, l2_data_size,524288B,l2_associativity ,2,l2_block_size ,32,l1_data_size,8192B,l1_inst_size,131072B,l1_inst_block_size,32,l1_data_block_size,32,l1_data_asociativity,12, l1_ist_aso_str,2
iteration no ,261, l2_data_size,524288B,l2_associativity ,2,l2_block_size ,32,l1_data_size,8192B,l1_inst_size,131072B,l1_inst_block_size,32,l1_data_block_size,32,l1_data_asociativity,12, l1_ist_aso_str,8
iteration no ,262, l2_data_size,524288B,l2_associativity ,2,l2_block_size ,32,l1_data_size,8192B,l1_inst_size,65536B,l1_inst_block_size,32,l1_data_block_size,32,l1_data_asociativity,1, l1_ist_aso_str,1
iteration no ,263, l2_data_size,524288B,l2_associativity ,2,l2_block_size ,32,l1_data_size,8192B,l1_inst_size,65536B,l1_inst_block_size,32,l1_data_block_size,32,l1_data_asociativity,1, l1_ist_aso_str,2
iteration no ,264, l2_data_size,524288B,l2_associativity ,2,l2_block_size ,32,l1_data_size,8192B,l1_inst_size,65536B,l1_inst_block_size,32,l1_data_block_size,32,l1_data_asociativity,1, l1_ist_aso_str,8
iteration no ,265, l2_data_size,524288B,l2_associativity ,2,l2_block_size ,32,l1_data_size,8192B,l1_inst_size,65536B,l1_inst_block_size,32,l1_data_block_size,32,l1_data_asociativity,2, l1_ist_aso_str,1
iteration no ,266, l2_data_size,524288B,l2_associativity ,2,l2_block_size ,32,l1_data_size,8192B,l1_inst_size,65536B,l1_inst_block_size,32,l1_data_block_size,32,l1_data_asociativity,2, l1_ist_aso_str,2
iteration no ,267, l2_data_size,524288B,l2_associativity ,2,l2_block_size ,32,l1_data_size,8192B,l1_inst_size,65536B,l1_inst_block_size,32,l1_data_block_size,32,l1_data_asociativity,2, l1_ist_aso_str,8
iteration no ,268, l2_data_size,524288B,l2_associativity ,2,l2_block_size ,32,l1_data_size,8192B,l1_inst_size,65536B,l1_inst_block_size,32,l1_data_block_size,32,l1_data_asociativity,11, l1_ist_aso_str,1
iteration no ,269, l2_data_size,524288B,l2_associativity ,2,l2_block_size ,32,l1_data_size,8192B,l1_inst_size,65536B,l1_inst_block_size,32,l1_data_block_size,32,l1_data_asociativity,11, l1_ist_aso_str,2
iteration no ,270, l2_data_size,524288B,l2_associativity ,2,l2_block_size ,32,l1_data_size,8192B,l1_inst_size,65536B,l1_inst_block_size,32,l1_data_block_size,32,l1_data_asociativity,11, l1_ist_aso_str,8
iteration no ,271, l2_data_size,524288B,l2_associativity ,2,l2_block_size ,32,l1_data_size,16384B,l1_inst_size,131072B,l1_inst_block_size,32,l1_data_block_size,32,l1_data_asociativity,1, l1_ist_aso_str,1
iteration no ,272, l2_data_size,524288B,l2_associativity ,2,l2_block_size ,32,l1_data_size,16384B,l1_inst_size,131072B,l1_inst_block_size,32,l1_data_block_size,32,l1_data_asociativity,1, l1_ist_aso_str,2
iteration no ,273, l2_data_size,524288B,l2_associativity ,2,l2_block_size ,32,l1_data_size,16384B,l1_inst_size,131072B,l1_inst_block_size,32,l1_data_block_size,32,l1_data_asociativity,1, l1_ist_aso_str,9
iteration no ,274, l2_data_size,524288B,l2_associativity ,2,l2_block_size ,32,l1_data_size,16384B,l1_inst_size,131072B,l1_inst_block_size,32,l1_data_block_size,32,l1_data_asociativity,2, l1_ist_aso_str,1
iteration no ,275, l2_data_size,524288B,l2_associativity ,2,l2_block_size ,32,l1_data_size,16384B,l1_inst_size,131072B,l1_inst_block_size,32,l1_data_block_size,32,l1_data_asociativity,2, l1_ist_aso_str,2
iteration no ,276, l2_data_size,524288B,l2_associativity ,2,l2_block_size ,32,l1_data_size,16384B,l1_inst_size,131072B,l1_inst_block_size,32,l1_data_block_size,32,l1_data_asociativity,2, l1_ist_aso_str,9
iteration no ,277, l2_data_size,524288B,l2_associativity ,2,l2_block_size ,32,l1_data_size,16384B,l1_inst_size,131072B,l1_inst_block_size,32,l1_data_block_size,32,l1_data_asociativity,12, l1_ist_aso_str,1
iteration no ,278, l2_data_size,524288B,l2_associativity ,2,l2_block_size ,32,l1_data_size,16384B,l1_inst_size,131072B,l1_inst_block_size,32,l1_data_block_size,32,l1_data_asociativity,12, l1_ist_aso_str,2
iteration no ,279, l2_data_size,524288B,l2_associativity ,2,l2_block_size ,32,l1_data_size,16384B,l1_inst_size,131072B,l1_inst_block_size,32,l1_data_block_size,32,l1_data_asociativity,12, l1_ist_aso_str,9
iteration no ,280, l2_data_size,524288B,l2_associativity ,2,l2_block_size ,32,l1_data_size,16384B,l1_inst_size,65536B,l1_inst_block_size,32,l1_data_block_size,32,l1_data_asociativity,1, l1_ist_aso_str,1
iteration no ,281, l2_data_size,524288B,l2_associativity ,2,l2_block_size ,32,l1_data_size,16384B,l1_inst_size,65536B,l1_inst_block_size,32,l1_data_block_size,32,l1_data_asociativity,1, l1_ist_aso_str,2
iteration no ,282, l2_data_size,524288B,l2_associativity ,2,l2_block_size ,32,l1_data_size,16384B,l1_inst_size,65536B,l1_inst_block_size,32,l1_data_block_size,32,l1_data_asociativity,1, l1_ist_aso_str,9
iteration no ,283, l2_data_size,524288B,l2_associativity ,2,l2_block_size ,32,l1_data_size,16384B,l1_inst_size,65536B,l1_inst_block_size,32,l1_data_block_size,32,l1_data_asociativity,2, l1_ist_aso_str,1
iteration no ,284, l2_data_size,524288B,l2_associativity ,2,l2_block_size ,32,l1_data_size,16384B,l1_inst_size,65536B,l1_inst_block_size,32,l1_data_block_size,32,l1_data_asociativity,2, l1_ist_aso_str,2
iteration no ,285, l2_data_size,524288B,l2_associativity ,2,l2_block_size ,32,l1_data_size,16384B,l1_inst_size,65536B,l1_inst_block_size,32,l1_data_block_size,32,l1_data_asociativity,2, l1_ist_aso_str,9
iteration no ,286, l2_data_size,524288B,l2_associativity ,2,l2_block_size ,32,l1_data_size,16384B,l1_inst_size,65536B,l1_inst_block_size,32,l1_data_block_size,32,l1_data_asociativity,11, l1_ist_aso_str,1
iteration no ,287, l2_data_size,524288B,l2_associativity ,2,l2_block_size ,32,l1_data_size,16384B,l1_inst_size,65536B,l1_inst_block_size,32,l1_data_block_size,32,l1_data_asociativity,11, l1_ist_aso_str,2
iteration no ,288, l2_data_size,524288B,l2_associativity ,2,l2_block_size ,32,l1_data_size,16384B,l1_inst_size,65536B,l1_inst_block_size,32,l1_data_block_size,32,l1_data_asociativity,11, l1_ist_aso_str,9
iteration no ,289, l2_data_size,524288B,l2_associativity ,15,l2_block_size ,32,l1_data_size,8192B,l1_inst_size,131072B,l1_inst_block_size,32,l1_data_block_size,32,l1_data_asociativity,1, l1_ist_aso_str,1
iteration no ,290, l2_data_size,524288B,l2_associativity ,15,l2_block_size ,32,l1_data_size,8192B,l1_inst_size,131072B,l1_inst_block_size,32,l1_data_block_size,32,l1_data_asociativity,1, l1_ist_aso_str,2
iteration no ,291, l2_data_size,524288B,l2_associativity ,15,l2_block_size ,32,l1_data_size,8192B,l1_inst_size,131072B,l1_inst_block_size,32,l1_data_block_size,32,l1_data_asociativity,1, l1_ist_aso_str,8
iteration no ,292, l2_data_size,524288B,l2_associativity ,15,l2_block_size ,32,l1_data_size,8192B,l1_inst_size,131072B,l1_inst_block_size,32,l1_data_block_size,32,l1_data_asociativity,2, l1_ist_aso_str,1
iteration no ,293, l2_data_size,524288B,l2_associativity ,15,l2_block_size ,32,l1_data_size,8192B,l1_inst_size,131072B,l1_inst_block_size,32,l1_data_block_size,32,l1_data_asociativity,2, l1_ist_aso_str,2
iteration no ,294, l2_data_size,524288B,l2_associativity ,15,l2_block_size ,32,l1_data_size,8192B,l1_inst_size,131072B,l1_inst_block_size,32,l1_data_block_size,32,l1_data_asociativity,2, l1_ist_aso_str,8
iteration no ,295, l2_data_size,524288B,l2_associativity ,15,l2_block_size ,32,l1_data_size,8192B,l1_inst_size,131072B,l1_inst_block_size,32,l1_data_block_size,32,l1_data_asociativity,12, l1_ist_aso_str,1
iteration no ,296, l2_data_size,524288B,l2_associativity ,15,l2_block_size ,32,l1_data_size,8192B,l1_inst_size,131072B,l1_inst_block_size,32,l1_data_block_size,32,l1_data_asociativity,12, l1_ist_aso_str,2
iteration no ,297, l2_data_size,524288B,l2_associativity ,15,l2_block_size ,32,l1_data_size,8192B,l1_inst_size,131072B,l1_inst_block_size,32,l1_data_block_size,32,l1_data_asociativity,12, l1_ist_aso_str,8
iteration no ,298, l2_data_size,524288B,l2_associativity ,15,l2_block_size ,32,l1_data_size,8192B,l1_inst_size,65536B,l1_inst_block_size,32,l1_data_block_size,32,l1_data_asociativity,1, l1_ist_aso_str,1
iteration no ,299, l2_data_size,524288B,l2_associativity ,15,l2_block_size ,32,l1_data_size,8192B,l1_inst_size,65536B,l1_inst_block_size,32,l1_data_block_size,32,l1_data_asociativity,1, l1_ist_aso_str,2
iteration no ,300, l2_data_size,524288B,l2_associativity ,15,l2_block_size ,32,l1_data_size,8192B,l1_inst_size,65536B,l1_inst_block_size,32,l1_data_block_size,32,l1_data_asociativity,1, l1_ist_aso_str,8
iteration no ,301, l2_data_size,524288B,l2_associativity ,15,l2_block_size ,32,l1_data_size,8192B,l1_inst_size,65536B,l1_inst_block_size,32,l1_data_block_size,32,l1_data_asociativity,2, l1_ist_aso_str,1
iteration no ,302, l2_data_size,524288B,l2_associativity ,15,l2_block_size ,32,l1_data_size,8192B,l1_inst_size,65536B,l1_inst_block_size,32,l1_data_block_size,32,l1_data_asociativity,2, l1_ist_aso_str,2
iteration no ,303, l2_data_size,524288B,l2_associativity ,15,l2_block_size ,32,l1_data_size,8192B,l1_inst_size,65536B,l1_inst_block_size,32,l1_data_block_size,32,l1_data_asociativity,2, l1_ist_aso_str,8
iteration no ,304, l2_data_size,524288B,l2_associativity ,15,l2_block_size ,32,l1_data_size,8192B,l1_inst_size,65536B,l1_inst_block_size,32,l1_data_block_size,32,l1_data_asociativity,11, l1_ist_aso_str,1
iteration no ,305, l2_data_size,524288B,l2_associativity ,15,l2_block_size ,32,l1_data_size,8192B,l1_inst_size,65536B,l1_inst_block_size,32,l1_data_block_size,32,l1_data_asociativity,11, l1_ist_aso_str,2
iteration no ,306, l2_data_size,524288B,l2_associativity ,15,l2_block_size ,32,l1_data_size,8192B,l1_inst_size,65536B,l1_inst_block_size,32,l1_data_block_size,32,l1_data_asociativity,11, l1_ist_aso_str,8
iteration no ,307, l2_data_size,524288B,l2_associativity ,15,l2_block_size ,32,l1_data_size,16384B,l1_inst_size,131072B,l1_inst_block_size,32,l1_data_block_size,32,l1_data_asociativity,1, l1_ist_aso_str,1
iteration no ,308, l2_data_size,524288B,l2_associativity ,15,l2_block_size ,32,l1_data_size,16384B,l1_inst_size,131072B,l1_inst_block_size,32,l1_data_block_size,32,l1_data_asociativity,1, l1_ist_aso_str,2
iteration no ,309, l2_data_size,524288B,l2_associativity ,15,l2_block_size ,32,l1_data_size,16384B,l1_inst_size,131072B,l1_inst_block_size,32,l1_data_block_size,32,l1_data_asociativity,1, l1_ist_aso_str,9
iteration no ,310, l2_data_size,524288B,l2_associativity ,15,l2_block_size ,32,l1_data_size,16384B,l1_inst_size,131072B,l1_inst_block_size,32,l1_data_block_size,32,l1_data_asociativity,2, l1_ist_aso_str,1
iteration no ,311, l2_data_size,524288B,l2_associativity ,15,l2_block_size ,32,l1_data_size,16384B,l1_inst_size,131072B,l1_inst_block_size,32,l1_data_block_size,32,l1_data_asociativity,2, l1_ist_aso_str,2
iteration no ,312, l2_data_size,524288B,l2_associativity ,15,l2_block_size ,32,l1_data_size,16384B,l1_inst_size,131072B,l1_inst_block_size,32,l1_data_block_size,32,l1_data_asociativity,2, l1_ist_aso_str,9
iteration no ,313, l2_data_size,524288B,l2_associativity ,15,l2_block_size ,32,l1_data_size,16384B,l1_inst_size,131072B,l1_inst_block_size,32,l1_data_block_size,32,l1_data_asociativity,12, l1_ist_aso_str,1
iteration no ,314, l2_data_size,524288B,l2_associativity ,15,l2_block_size ,32,l1_data_size,16384B,l1_inst_size,131072B,l1_inst_block_size,32,l1_data_block_size,32,l1_data_asociativity,12, l1_ist_aso_str,2
iteration no ,315, l2_data_size,524288B,l2_associativity ,15,l2_block_size ,32,l1_data_size,16384B,l1_inst_size,131072B,l1_inst_block_size,32,l1_data_block_size,32,l1_data_asociativity,12, l1_ist_aso_str,9
iteration no ,316, l2_data_size,524288B,l2_associativity ,15,l2_block_size ,32,l1_data_size,16384B,l1_inst_size,65536B,l1_inst_block_size,32,l1_data_block_size,32,l1_data_asociativity,1, l1_ist_aso_str,1
iteration no ,317, l2_data_size,524288B,l2_associativity ,15,l2_block_size ,32,l1_data_size,16384B,l1_inst_size,65536B,l1_inst_block_size,32,l1_data_block_size,32,l1_data_asociativity,1, l1_ist_aso_str,2
iteration no ,318, l2_data_size,524288B,l2_associativity ,15,l2_block_size ,32,l1_data_size,16384B,l1_inst_size,65536B,l1_inst_block_size,32,l1_data_block_size,32,l1_data_asociativity,1, l1_ist_aso_str,9
iteration no ,319, l2_data_size,524288B,l2_associativity ,15,l2_block_size ,32,l1_data_size,16384B,l1_inst_size,65536B,l1_inst_block_size,32,l1_data_block_size,32,l1_data_asociativity,2, l1_ist_aso_str,1
iteration no ,320, l2_data_size,524288B,l2_associativity ,15,l2_block_size ,32,l1_data_size,16384B,l1_inst_size,65536B,l1_inst_block_size,32,l1_data_block_size,32,l1_data_asociativity,2, l1_ist_aso_str,2
iteration no ,321, l2_data_size,524288B,l2_associativity ,15,l2_block_size ,32,l1_data_size,16384B,l1_inst_size,65536B,l1_inst_block_size,32,l1_data_block_size,32,l1_data_asociativity,2, l1_ist_aso_str,9
iteration no ,322, l2_data_size,524288B,l2_associativity ,15,l2_block_size ,32,l1_data_size,16384B,l1_inst_size,65536B,l1_inst_block_size,32,l1_data_block_size,32,l1_data_asociativity,11, l1_ist_aso_str,1
iteration no ,323, l2_data_size,524288B,l2_associativity ,15,l2_block_size ,32,l1_data_size,16384B,l1_inst_size,65536B,l1_inst_block_size,32,l1_data_block_size,32,l1_data_asociativity,11, l1_ist_aso_str,2
iteration no ,324, l2_data_size,524288B,l2_associativity ,15,l2_block_size ,32,l1_data_size,16384B,l1_inst_size,65536B,l1_inst_block_size,32,l1_data_block_size,32,l1_data_asociativity,11, l1_ist_aso_str,9
iteration no ,325, l2_data_size,524288B,l2_associativity ,1,l2_block_size ,64,l1_data_size,8192B,l1_inst_size,131072B,l1_inst_block_size,64,l1_data_block_size,64,l1_data_asociativity,1, l1_ist_aso_str,1
iteration no ,326, l2_data_size,524288B,l2_associativity ,1,l2_block_size ,64,l1_data_size,8192B,l1_inst_size,131072B,l1_inst_block_size,64,l1_data_block_size,64,l1_data_asociativity,1, l1_ist_aso_str,2
iteration no ,327, l2_data_size,524288B,l2_associativity ,1,l2_block_size ,64,l1_data_size,8192B,l1_inst_size,131072B,l1_inst_block_size,64,l1_data_block_size,64,l1_data_asociativity,1, l1_ist_aso_str,7
iteration no ,328, l2_data_size,524288B,l2_associativity ,1,l2_block_size ,64,l1_data_size,8192B,l1_inst_size,131072B,l1_inst_block_size,64,l1_data_block_size,64,l1_data_asociativity,2, l1_ist_aso_str,1
iteration no ,329, l2_data_size,524288B,l2_associativity ,1,l2_block_size ,64,l1_data_size,8192B,l1_inst_size,131072B,l1_inst_block_size,64,l1_data_block_size,64,l1_data_asociativity,2, l1_ist_aso_str,2
iteration no ,330, l2_data_size,524288B,l2_associativity ,1,l2_block_size ,64,l1_data_size,8192B,l1_inst_size,131072B,l1_inst_block_size,64,l1_data_block_size,64,l1_data_asociativity,2, l1_ist_aso_str,7
iteration no ,331, l2_data_size,524288B,l2_associativity ,1,l2_block_size ,64,l1_data_size,8192B,l1_inst_size,131072B,l1_inst_block_size,64,l1_data_block_size,64,l1_data_asociativity,11, l1_ist_aso_str,1
iteration no ,332, l2_data_size,524288B,l2_associativity ,1,l2_block_size ,64,l1_data_size,8192B,l1_inst_size,131072B,l1_inst_block_size,64,l1_data_block_size,64,l1_data_asociativity,11, l1_ist_aso_str,2
iteration no ,333, l2_data_size,524288B,l2_associativity ,1,l2_block_size ,64,l1_data_size,8192B,l1_inst_size,131072B,l1_inst_block_size,64,l1_data_block_size,64,l1_data_asociativity,11, l1_ist_aso_str,7
iteration no ,334, l2_data_size,524288B,l2_associativity ,1,l2_block_size ,64,l1_data_size,8192B,l1_inst_size,65536B,l1_inst_block_size,64,l1_data_block_size,64,l1_data_asociativity,1, l1_ist_aso_str,1
iteration no ,335, l2_data_size,524288B,l2_associativity ,1,l2_block_size ,64,l1_data_size,8192B,l1_inst_size,65536B,l1_inst_block_size,64,l1_data_block_size,64,l1_data_asociativity,1, l1_ist_aso_str,2
iteration no ,336, l2_data_size,524288B,l2_associativity ,1,l2_block_size ,64,l1_data_size,8192B,l1_inst_size,65536B,l1_inst_block_size,64,l1_data_block_size,64,l1_data_asociativity,1, l1_ist_aso_str,7
iteration no ,337, l2_data_size,524288B,l2_associativity ,1,l2_block_size ,64,l1_data_size,8192B,l1_inst_size,65536B,l1_inst_block_size,64,l1_data_block_size,64,l1_data_asociativity,2, l1_ist_aso_str,1
iteration no ,338, l2_data_size,524288B,l2_associativity ,1,l2_block_size ,64,l1_data_size,8192B,l1_inst_size,65536B,l1_inst_block_size,64,l1_data_block_size,64,l1_data_asociativity,2, l1_ist_aso_str,2
iteration no ,339, l2_data_size,524288B,l2_associativity ,1,l2_block_size ,64,l1_data_size,8192B,l1_inst_size,65536B,l1_inst_block_size,64,l1_data_block_size,64,l1_data_asociativity,2, l1_ist_aso_str,7
iteration no ,340, l2_data_size,524288B,l2_associativity ,1,l2_block_size ,64,l1_data_size,8192B,l1_inst_size,65536B,l1_inst_block_size,64,l1_data_block_size,64,l1_data_asociativity,10, l1_ist_aso_str,1
iteration no ,341, l2_data_size,524288B,l2_associativity ,1,l2_block_size ,64,l1_data_size,8192B,l1_inst_size,65536B,l1_inst_block_size,64,l1_data_block_size,64,l1_data_asociativity,10, l1_ist_aso_str,2
iteration no ,342, l2_data_size,524288B,l2_associativity ,1,l2_block_size ,64,l1_data_size,8192B,l1_inst_size,65536B,l1_inst_block_size,64,l1_data_block_size,64,l1_data_asociativity,10, l1_ist_aso_str,7
iteration no ,343, l2_data_size,524288B,l2_associativity ,1,l2_block_size ,64,l1_data_size,16384B,l1_inst_size,131072B,l1_inst_block_size,64,l1_data_block_size,64,l1_data_asociativity,1, l1_ist_aso_str,1
iteration no ,344, l2_data_size,524288B,l2_associativity ,1,l2_block_size ,64,l1_data_size,16384B,l1_inst_size,131072B,l1_inst_block_size,64,l1_data_block_size,64,l1_data_asociativity,1, l1_ist_aso_str,2
iteration no ,345, l2_data_size,524288B,l2_associativity ,1,l2_block_size ,64,l1_data_size,16384B,l1_inst_size,131072B,l1_inst_block_size,64,l1_data_block_size,64,l1_data_asociativity,1, l1_ist_aso_str,8
iteration no ,346, l2_data_size,524288B,l2_associativity ,1,l2_block_size ,64,l1_data_size,16384B,l1_inst_size,131072B,l1_inst_block_size,64,l1_data_block_size,64,l1_data_asociativity,2, l1_ist_aso_str,1
iteration no ,347, l2_data_size,524288B,l2_associativity ,1,l2_block_size ,64,l1_data_size,16384B,l1_inst_size,131072B,l1_inst_block_size,64,l1_data_block_size,64,l1_data_asociativity,2, l1_ist_aso_str,2
iteration no ,348, l2_data_size,524288B,l2_associativity ,1,l2_block_size ,64,l1_data_size,16384B,l1_inst_size,131072B,l1_inst_block_size,64,l1_data_block_size,64,l1_data_asociativity,2, l1_ist_aso_str,8
iteration no ,349, l2_data_size,524288B,l2_associativity ,1,l2_block_size ,64,l1_data_size,16384B,l1_inst_size,131072B,l1_inst_block_size,64,l1_data_block_size,64,l1_data_asociativity,11, l1_ist_aso_str,1
iteration no ,350, l2_data_size,524288B,l2_associativity ,1,l2_block_size ,64,l1_data_size,16384B,l1_inst_size,131072B,l1_inst_block_size,64,l1_data_block_size,64,l1_data_asociativity,11, l1_ist_aso_str,2
iteration no ,351, l2_data_size,524288B,l2_associativity ,1,l2_block_size ,64,l1_data_size,16384B,l1_inst_size,131072B,l1_inst_block_size,64,l1_data_block_size,64,l1_data_asociativity,11, l1_ist_aso_str,8
iteration no ,352, l2_data_size,524288B,l2_associativity ,1,l2_block_size ,64,l1_data_size,16384B,l1_inst_size,65536B,l1_inst_block_size,64,l1_data_block_size,64,l1_data_asociativity,1, l1_ist_aso_str,1
iteration no ,353, l2_data_size,524288B,l2_associativity ,1,l2_block_size ,64,l1_data_size,16384B,l1_inst_size,65536B,l1_inst_block_size,64,l1_data_block_size,64,l1_data_asociativity,1, l1_ist_aso_str,2
iteration no ,354, l2_data_size,524288B,l2_associativity ,1,l2_block_size ,64,l1_data_size,16384B,l1_inst_size,65536B,l1_inst_block_size,64,l1_data_block_size,64,l1_data_asociativity,1, l1_ist_aso_str,8
iteration no ,355, l2_data_size,524288B,l2_associativity ,1,l2_block_size ,64,l1_data_size,16384B,l1_inst_size,65536B,l1_inst_block_size,64,l1_data_block_size,64,l1_data_asociativity,2, l1_ist_aso_str,1
iteration no ,356, l2_data_size,524288B,l2_associativity ,1,l2_block_size ,64,l1_data_size,16384B,l1_inst_size,65536B,l1_inst_block_size,64,l1_data_block_size,64,l1_data_asociativity,2, l1_ist_aso_str,2
iteration no ,357, l2_data_size,524288B,l2_associativity ,1,l2_block_size ,64,l1_data_size,16384B,l1_inst_size,65536B,l1_inst_block_size,64,l1_data_block_size,64,l1_data_asociativity,2, l1_ist_aso_str,8
iteration no ,358, l2_data_size,524288B,l2_associativity ,1,l2_block_size ,64,l1_data_size,16384B,l1_inst_size,65536B,l1_inst_block_size,64,l1_data_block_size,64,l1_data_asociativity,10, l1_ist_aso_str,1
iteration no ,359, l2_data_size,524288B,l2_associativity ,1,l2_block_size ,64,l1_data_size,16384B,l1_inst_size,65536B,l1_inst_block_size,64,l1_data_block_size,64,l1_data_asociativity,10, l1_ist_aso_str,2
iteration no ,360, l2_data_size,524288B,l2_associativity ,1,l2_block_size ,64,l1_data_size,16384B,l1_inst_size,65536B,l1_inst_block_size,64,l1_data_block_size,64,l1_data_asociativity,10, l1_ist_aso_str,8
iteration no ,361, l2_data_size,524288B,l2_associativity ,2,l2_block_size ,64,l1_data_size,8192B,l1_inst_size,131072B,l1_inst_block_size,64,l1_data_block_size,64,l1_data_asociativity,1, l1_ist_aso_str,1
iteration no ,362, l2_data_size,524288B,l2_associativity ,2,l2_block_size ,64,l1_data_size,8192B,l1_inst_size,131072B,l1_inst_block_size,64,l1_data_block_size,64,l1_data_asociativity,1, l1_ist_aso_str,2
iteration no ,363, l2_data_size,524288B,l2_associativity ,2,l2_block_size ,64,l1_data_size,8192B,l1_inst_size,131072B,l1_inst_block_size,64,l1_data_block_size,64,l1_data_asociativity,1, l1_ist_aso_str,7
iteration no ,364, l2_data_size,524288B,l2_associativity ,2,l2_block_size ,64,l1_data_size,8192B,l1_inst_size,131072B,l1_inst_block_size,64,l1_data_block_size,64,l1_data_asociativity,2, l1_ist_aso_str,1
iteration no ,365, l2_data_size,524288B,l2_associativity ,2,l2_block_size ,64,l1_data_size,8192B,l1_inst_size,131072B,l1_inst_block_size,64,l1_data_block_size,64,l1_data_asociativity,2, l1_ist_aso_str,2
iteration no ,366, l2_data_size,524288B,l2_associativity ,2,l2_block_size ,64,l1_data_size,8192B,l1_inst_size,131072B,l1_inst_block_size,64,l1_data_block_size,64,l1_data_asociativity,2, l1_ist_aso_str,7
iteration no ,367, l2_data_size,524288B,l2_associativity ,2,l2_block_size ,64,l1_data_size,8192B,l1_inst_size,131072B,l1_inst_block_size,64,l1_data_block_size,64,l1_data_asociativity,11, l1_ist_aso_str,1
iteration no ,368, l2_data_size,524288B,l2_associativity ,2,l2_block_size ,64,l1_data_size,8192B,l1_inst_size,131072B,l1_inst_block_size,64,l1_data_block_size,64,l1_data_asociativity,11, l1_ist_aso_str,2
iteration no ,369, l2_data_size,524288B,l2_associativity ,2,l2_block_size ,64,l1_data_size,8192B,l1_inst_size,131072B,l1_inst_block_size,64,l1_data_block_size,64,l1_data_asociativity,11, l1_ist_aso_str,7
iteration no ,370, l2_data_size,524288B,l2_associativity ,2,l2_block_size ,64,l1_data_size,8192B,l1_inst_size,65536B,l1_inst_block_size,64,l1_data_block_size,64,l1_data_asociativity,1, l1_ist_aso_str,1
iteration no ,371, l2_data_size,524288B,l2_associativity ,2,l2_block_size ,64,l1_data_size,8192B,l1_inst_size,65536B,l1_inst_block_size,64,l1_data_block_size,64,l1_data_asociativity,1, l1_ist_aso_str,2
iteration no ,372, l2_data_size,524288B,l2_associativity ,2,l2_block_size ,64,l1_data_size,8192B,l1_inst_size,65536B,l1_inst_block_size,64,l1_data_block_size,64,l1_data_asociativity,1, l1_ist_aso_str,7
iteration no ,373, l2_data_size,524288B,l2_associativity ,2,l2_block_size ,64,l1_data_size,8192B,l1_inst_size,65536B,l1_inst_block_size,64,l1_data_block_size,64,l1_data_asociativity,2, l1_ist_aso_str,1
iteration no ,374, l2_data_size,524288B,l2_associativity ,2,l2_block_size ,64,l1_data_size,8192B,l1_inst_size,65536B,l1_inst_block_size,64,l1_data_block_size,64,l1_data_asociativity,2, l1_ist_aso_str,2
iteration no ,375, l2_data_size,524288B,l2_associativity ,2,l2_block_size ,64,l1_data_size,8192B,l1_inst_size,65536B,l1_inst_block_size,64,l1_data_block_size,64,l1_data_asociativity,2, l1_ist_aso_str,7
iteration no ,376, l2_data_size,524288B,l2_associativity ,2,l2_block_size ,64,l1_data_size,8192B,l1_inst_size,65536B,l1_inst_block_size,64,l1_data_block_size,64,l1_data_asociativity,10, l1_ist_aso_str,1
iteration no ,377, l2_data_size,524288B,l2_associativity ,2,l2_block_size ,64,l1_data_size,8192B,l1_inst_size,65536B,l1_inst_block_size,64,l1_data_block_size,64,l1_data_asociativity,10, l1_ist_aso_str,2
iteration no ,378, l2_data_size,524288B,l2_associativity ,2,l2_block_size ,64,l1_data_size,8192B,l1_inst_size,65536B,l1_inst_block_size,64,l1_data_block_size,64,l1_data_asociativity,10, l1_ist_aso_str,7
iteration no ,379, l2_data_size,524288B,l2_associativity ,2,l2_block_size ,64,l1_data_size,16384B,l1_inst_size,131072B,l1_inst_block_size,64,l1_data_block_size,64,l1_data_asociativity,1, l1_ist_aso_str,1
iteration no ,380, l2_data_size,524288B,l2_associativity ,2,l2_block_size ,64,l1_data_size,16384B,l1_inst_size,131072B,l1_inst_block_size,64,l1_data_block_size,64,l1_data_asociativity,1, l1_ist_aso_str,2
iteration no ,381, l2_data_size,524288B,l2_associativity ,2,l2_block_size ,64,l1_data_size,16384B,l1_inst_size,131072B,l1_inst_block_size,64,l1_data_block_size,64,l1_data_asociativity,1, l1_ist_aso_str,8
iteration no ,382, l2_data_size,524288B,l2_associativity ,2,l2_block_size ,64,l1_data_size,16384B,l1_inst_size,131072B,l1_inst_block_size,64,l1_data_block_size,64,l1_data_asociativity,2, l1_ist_aso_str,1
iteration no ,383, l2_data_size,524288B,l2_associativity ,2,l2_block_size ,64,l1_data_size,16384B,l1_inst_size,131072B,l1_inst_block_size,64,l1_data_block_size,64,l1_data_asociativity,2, l1_ist_aso_str,2
iteration no ,384, l2_data_size,524288B,l2_associativity ,2,l2_block_size ,64,l1_data_size,16384B,l1_inst_size,131072B,l1_inst_block_size,64,l1_data_block_size,64,l1_data_asociativity,2, l1_ist_aso_str,8
iteration no ,385, l2_data_size,524288B,l2_associativity ,2,l2_block_size ,64,l1_data_size,16384B,l1_inst_size,131072B,l1_inst_block_size,64,l1_data_block_size,64,l1_data_asociativity,11, l1_ist_aso_str,1
iteration no ,386, l2_data_size,524288B,l2_associativity ,2,l2_block_size ,64,l1_data_size,16384B,l1_inst_size,131072B,l1_inst_block_size,64,l1_data_block_size,64,l1_data_asociativity,11, l1_ist_aso_str,2
iteration no ,387, l2_data_size,524288B,l2_associativity ,2,l2_block_size ,64,l1_data_size,16384B,l1_inst_size,131072B,l1_inst_block_size,64,l1_data_block_size,64,l1_data_asociativity,11, l1_ist_aso_str,8
iteration no ,388, l2_data_size,524288B,l2_associativity ,2,l2_block_size ,64,l1_data_size,16384B,l1_inst_size,65536B,l1_inst_block_size,64,l1_data_block_size,64,l1_data_asociativity,1, l1_ist_aso_str,1
iteration no ,389, l2_data_size,524288B,l2_associativity ,2,l2_block_size ,64,l1_data_size,16384B,l1_inst_size,65536B,l1_inst_block_size,64,l1_data_block_size,64,l1_data_asociativity,1, l1_ist_aso_str,2
iteration no ,390, l2_data_size,524288B,l2_associativity ,2,l2_block_size ,64,l1_data_size,16384B,l1_inst_size,65536B,l1_inst_block_size,64,l1_data_block_size,64,l1_data_asociativity,1, l1_ist_aso_str,8
iteration no ,391, l2_data_size,524288B,l2_associativity ,2,l2_block_size ,64,l1_data_size,16384B,l1_inst_size,65536B,l1_inst_block_size,64,l1_data_block_size,64,l1_data_asociativity,2, l1_ist_aso_str,1
iteration no ,392, l2_data_size,524288B,l2_associativity ,2,l2_block_size ,64,l1_data_size,16384B,l1_inst_size,65536B,l1_inst_block_size,64,l1_data_block_size,64,l1_data_asociativity,2, l1_ist_aso_str,2
iteration no ,393, l2_data_size,524288B,l2_associativity ,2,l2_block_size ,64,l1_data_size,16384B,l1_inst_size,65536B,l1_inst_block_size,64,l1_data_block_size,64,l1_data_asociativity,2, l1_ist_aso_str,8
iteration no ,394, l2_data_size,524288B,l2_associativity ,2,l2_block_size ,64,l1_data_size,16384B,l1_inst_size,65536B,l1_inst_block_size,64,l1_data_block_size,64,l1_data_asociativity,10, l1_ist_aso_str,1
iteration no ,395, l2_data_size,524288B,l2_associativity ,2,l2_block_size ,64,l1_data_size,16384B,l1_inst_size,65536B,l1_inst_block_size,64,l1_data_block_size,64,l1_data_asociativity,10, l1_ist_aso_str,2
iteration no ,396, l2_data_size,524288B,l2_associativity ,2,l2_block_size ,64,l1_data_size,16384B,l1_inst_size,65536B,l1_inst_block_size,64,l1_data_block_size,64,l1_data_asociativity,10, l1_ist_aso_str,8
iteration no ,397, l2_data_size,524288B,l2_associativity ,13,l2_block_size ,64,l1_data_size,8192B,l1_inst_size,131072B,l1_inst_block_size,64,l1_data_block_size,64,l1_data_asociativity,1, l1_ist_aso_str,1
iteration no ,398, l2_data_size,524288B,l2_associativity ,13,l2_block_size ,64,l1_data_size,8192B,l1_inst_size,131072B,l1_inst_block_size,64,l1_data_block_size,64,l1_data_asociativity,1, l1_ist_aso_str,2
iteration no ,399, l2_data_size,524288B,l2_associativity ,13,l2_block_size ,64,l1_data_size,8192B,l1_inst_size,131072B,l1_inst_block_size,64,l1_data_block_size,64,l1_data_asociativity,1, l1_ist_aso_str,7
iteration no ,400, l2_data_size,524288B,l2_associativity ,13,l2_block_size ,64,l1_data_size,8192B,l1_inst_size,131072B,l1_inst_block_size,64,l1_data_block_size,64,l1_data_asociativity,2, l1_ist_aso_str,1
iteration no ,401, l2_data_size,524288B,l2_associativity ,13,l2_block_size ,64,l1_data_size,8192B,l1_inst_size,131072B,l1_inst_block_size,64,l1_data_block_size,64,l1_data_asociativity,2, l1_ist_aso_str,2
iteration no ,402, l2_data_size,524288B,l2_associativity ,13,l2_block_size ,64,l1_data_size,8192B,l1_inst_size,131072B,l1_inst_block_size,64,l1_data_block_size,64,l1_data_asociativity,2, l1_ist_aso_str,7
iteration no ,403, l2_data_size,524288B,l2_associativity ,13,l2_block_size ,64,l1_data_size,8192B,l1_inst_size,131072B,l1_inst_block_size,64,l1_data_block_size,64,l1_data_asociativity,11, l1_ist_aso_str,1
iteration no ,404, l2_data_size,524288B,l2_associativity ,13,l2_block_size ,64,l1_data_size,8192B,l1_inst_size,131072B,l1_inst_block_size,64,l1_data_block_size,64,l1_data_asociativity,11, l1_ist_aso_str,2
iteration no ,405, l2_data_size,524288B,l2_associativity ,13,l2_block_size ,64,l1_data_size,8192B,l1_inst_size,131072B,l1_inst_block_size,64,l1_data_block_size,64,l1_data_asociativity,11, l1_ist_aso_str,7
iteration no ,406, l2_data_size,524288B,l2_associativity ,13,l2_block_size ,64,l1_data_size,8192B,l1_inst_size,65536B,l1_inst_block_size,64,l1_data_block_size,64,l1_data_asociativity,1, l1_ist_aso_str,1
iteration no ,407, l2_data_size,524288B,l2_associativity ,13,l2_block_size ,64,l1_data_size,8192B,l1_inst_size,65536B,l1_inst_block_size,64,l1_data_block_size,64,l1_data_asociativity,1, l1_ist_aso_str,2
iteration no ,408, l2_data_size,524288B,l2_associativity ,13,l2_block_size ,64,l1_data_size,8192B,l1_inst_size,65536B,l1_inst_block_size,64,l1_data_block_size,64,l1_data_asociativity,1, l1_ist_aso_str,7
iteration no ,409, l2_data_size,524288B,l2_associativity ,13,l2_block_size ,64,l1_data_size,8192B,l1_inst_size,65536B,l1_inst_block_size,64,l1_data_block_size,64,l1_data_asociativity,2, l1_ist_aso_str,1
iteration no ,410, l2_data_size,524288B,l2_associativity ,13,l2_block_size ,64,l1_data_size,8192B,l1_inst_size,65536B,l1_inst_block_size,64,l1_data_block_size,64,l1_data_asociativity,2, l1_ist_aso_str,2
iteration no ,411, l2_data_size,524288B,l2_associativity ,13,l2_block_size ,64,l1_data_size,8192B,l1_inst_size,65536B,l1_inst_block_size,64,l1_data_block_size,64,l1_data_asociativity,2, l1_ist_aso_str,7
iteration no ,412, l2_data_size,524288B,l2_associativity ,13,l2_block_size ,64,l1_data_size,8192B,l1_inst_size,65536B,l1_inst_block_size,64,l1_data_block_size,64,l1_data_asociativity,10, l1_ist_aso_str,1
iteration no ,413, l2_data_size,524288B,l2_associativity ,13,l2_block_size ,64,l1_data_size,8192B,l1_inst_size,65536B,l1_inst_block_size,64,l1_data_block_size,64,l1_data_asociativity,10, l1_ist_aso_str,2
iteration no ,414, l2_data_size,524288B,l2_associativity ,13,l2_block_size ,64,l1_data_size,8192B,l1_inst_size,65536B,l1_inst_block_size,64,l1_data_block_size,64,l1_data_asociativity,10, l1_ist_aso_str,7
iteration no ,415, l2_data_size,524288B,l2_associativity ,13,l2_block_size ,64,l1_data_size,16384B,l1_inst_size,131072B,l1_inst_block_size,64,l1_data_block_size,64,l1_data_asociativity,1, l1_ist_aso_str,1
iteration no ,416, l2_data_size,524288B,l2_associativity ,13,l2_block_size ,64,l1_data_size,16384B,l1_inst_size,131072B,l1_inst_block_size,64,l1_data_block_size,64,l1_data_asociativity,1, l1_ist_aso_str,2
iteration no ,417, l2_data_size,524288B,l2_associativity ,13,l2_block_size ,64,l1_data_size,16384B,l1_inst_size,131072B,l1_inst_block_size,64,l1_data_block_size,64,l1_data_asociativity,1, l1_ist_aso_str,8
iteration no ,418, l2_data_size,524288B,l2_associativity ,13,l2_block_size ,64,l1_data_size,16384B,l1_inst_size,131072B,l1_inst_block_size,64,l1_data_block_size,64,l1_data_asociativity,2, l1_ist_aso_str,1
iteration no ,419, l2_data_size,524288B,l2_associativity ,13,l2_block_size ,64,l1_data_size,16384B,l1_inst_size,131072B,l1_inst_block_size,64,l1_data_block_size,64,l1_data_asociativity,2, l1_ist_aso_str,2
iteration no ,420, l2_data_size,524288B,l2_associativity ,13,l2_block_size ,64,l1_data_size,16384B,l1_inst_size,131072B,l1_inst_block_size,64,l1_data_block_size,64,l1_data_asociativity,2, l1_ist_aso_str,8
iteration no ,421, l2_data_size,524288B,l2_associativity ,13,l2_block_size ,64,l1_data_size,16384B,l1_inst_size,131072B,l1_inst_block_size,64,l1_data_block_size,64,l1_data_asociativity,11, l1_ist_aso_str,1
iteration no ,422, l2_data_size,524288B,l2_associativity ,13,l2_block_size ,64,l1_data_size,16384B,l1_inst_size,131072B,l1_inst_block_size,64,l1_data_block_size,64,l1_data_asociativity,11, l1_ist_aso_str,2
iteration no ,423, l2_data_size,524288B,l2_associativity ,13,l2_block_size ,64,l1_data_size,16384B,l1_inst_size,131072B,l1_inst_block_size,64,l1_data_block_size,64,l1_data_asociativity,11, l1_ist_aso_str,8
iteration no ,424, l2_data_size,524288B,l2_associativity ,13,l2_block_size ,64,l1_data_size,16384B,l1_inst_size,65536B,l1_inst_block_size,64,l1_data_block_size,64,l1_data_asociativity,1, l1_ist_aso_str,1
iteration no ,425, l2_data_size,524288B,l2_associativity ,13,l2_block_size ,64,l1_data_size,16384B,l1_inst_size,65536B,l1_inst_block_size,64,l1_data_block_size,64,l1_data_asociativity,1, l1_ist_aso_str,2
iteration no ,426, l2_data_size,524288B,l2_associativity ,13,l2_block_size ,64,l1_data_size,16384B,l1_inst_size,65536B,l1_inst_block_size,64,l1_data_block_size,64,l1_data_asociativity,1, l1_ist_aso_str,8
iteration no ,427, l2_data_size,524288B,l2_associativity ,13,l2_block_size ,64,l1_data_size,16384B,l1_inst_size,65536B,l1_inst_block_size,64,l1_data_block_size,64,l1_data_asociativity,2, l1_ist_aso_str,1
iteration no ,428, l2_data_size,524288B,l2_associativity ,13,l2_block_size ,64,l1_data_size,16384B,l1_inst_size,65536B,l1_inst_block_size,64,l1_data_block_size,64,l1_data_asociativity,2, l1_ist_aso_str,2
iteration no ,429, l2_data_size,524288B,l2_associativity ,13,l2_block_size ,64,l1_data_size,16384B,l1_inst_size,65536B,l1_inst_block_size,64,l1_data_block_size,64,l1_data_asociativity,2, l1_ist_aso_str,8
iteration no ,430, l2_data_size,524288B,l2_associativity ,13,l2_block_size ,64,l1_data_size,16384B,l1_inst_size,65536B,l1_inst_block_size,64,l1_data_block_size,64,l1_data_asociativity,10, l1_ist_aso_str,1
iteration no ,431, l2_data_size,524288B,l2_associativity ,13,l2_block_size ,64,l1_data_size,16384B,l1_inst_size,65536B,l1_inst_block_size,64,l1_data_block_size,64,l1_data_asociativity,10, l1_ist_aso_str,2
iteration no ,432, l2_data_size,524288B,l2_associativity ,13,l2_block_size ,64,l1_data_size,16384B,l1_inst_size,65536B,l1_inst_block_size,64,l1_data_block_size,64,l1_data_asociativity,10, l1_ist_aso_str,8