iteration no ,1, l2_data_size,524288,l2_block_size ,32,l1_inst_block_size,32,l1_data_block_size,32,l2_associativity ,1,l1_data_size,65536B,l1_inst_size,8192B,l1_data_asociativity,1, l1_ist_aso_str,1,cpi_value ,3.072136208
iteration no ,2, l2_data_size,524288,l2_block_size ,32,l1_inst_block_size,32,l1_data_block_size,32,l2_associativity ,1,l1_data_size,65536B,l1_inst_size,8192B,l1_data_asociativity,1, l1_ist_aso_str,2,cpi_value ,3.064003816
iteration no ,3, l2_data_size,524288,l2_block_size ,32,l1_inst_block_size,32,l1_data_block_size,32,l2_associativity ,1,l1_data_size,65536B,l1_inst_size,8192B,l1_data_asociativity,1, l1_ist_aso_str,4,cpi_value ,3.058284296
iteration no ,4, l2_data_size,524288,l2_block_size ,32,l1_inst_block_size,32,l1_data_block_size,32,l2_associativity ,1,l1_data_size,65536B,l1_inst_size,8192B,l1_data_asociativity,2, l1_ist_aso_str,1,cpi_value ,3.065945756
iteration no ,5, l2_data_size,524288,l2_block_size ,32,l1_inst_block_size,32,l1_data_block_size,32,l2_associativity ,1,l1_data_size,65536B,l1_inst_size,8192B,l1_data_asociativity,2, l1_ist_aso_str,2,cpi_value ,3.057820464
iteration no ,6, l2_data_size,524288,l2_block_size ,32,l1_inst_block_size,32,l1_data_block_size,32,l2_associativity ,1,l1_data_size,65536B,l1_inst_size,8192B,l1_data_asociativity,2, l1_ist_aso_str,4,cpi_value ,3.052107744
iteration no ,7, l2_data_size,524288,l2_block_size ,32,l1_inst_block_size,32,l1_data_block_size,32,l2_associativity ,1,l1_data_size,65536B,l1_inst_size,8192B,l1_data_asociativity,4, l1_ist_aso_str,1,cpi_value ,3.064690716
iteration no ,8, l2_data_size,524288,l2_block_size ,32,l1_inst_block_size,32,l1_data_block_size,32,l2_associativity ,1,l1_data_size,65536B,l1_inst_size,8192B,l1_data_asociativity,4, l1_ist_aso_str,2,cpi_value ,3.056555724
iteration no ,9, l2_data_size,524288,l2_block_size ,32,l1_inst_block_size,32,l1_data_block_size,32,l2_associativity ,1,l1_data_size,65536B,l1_inst_size,8192B,l1_data_asociativity,4, l1_ist_aso_str,4,cpi_value ,3.050841904
iteration no ,10, l2_data_size,524288,l2_block_size ,32,l1_inst_block_size,32,l1_data_block_size,32,l2_associativity ,1,l1_data_size,65536B,l1_inst_size,16384B,l1_data_asociativity,1, l1_ist_aso_str,1,cpi_value ,3.002688888
iteration no ,11, l2_data_size,524288,l2_block_size ,32,l1_inst_block_size,32,l1_data_block_size,32,l2_associativity ,1,l1_data_size,65536B,l1_inst_size,16384B,l1_data_asociativity,1, l1_ist_aso_str,2,cpi_value ,2.970811664
iteration no ,12, l2_data_size,524288,l2_block_size ,32,l1_inst_block_size,32,l1_data_block_size,32,l2_associativity ,1,l1_data_size,65536B,l1_inst_size,16384B,l1_data_asociativity,1, l1_ist_aso_str,4,cpi_value ,2.9655764639999997
iteration no ,13, l2_data_size,524288,l2_block_size ,32,l1_inst_block_size,32,l1_data_block_size,32,l2_associativity ,1,l1_data_size,65536B,l1_inst_size,16384B,l1_data_asociativity,2, l1_ist_aso_str,1,cpi_value ,2.996504136
iteration no ,14, l2_data_size,524288,l2_block_size ,32,l1_inst_block_size,32,l1_data_block_size,32,l2_associativity ,1,l1_data_size,65536B,l1_inst_size,16384B,l1_data_asociativity,2, l1_ist_aso_str,2,cpi_value ,2.964671712
iteration no ,15, l2_data_size,524288,l2_block_size ,32,l1_inst_block_size,32,l1_data_block_size,32,l2_associativity ,1,l1_data_size,65536B,l1_inst_size,16384B,l1_data_asociativity,2, l1_ist_aso_str,4,cpi_value ,2.959474712
iteration no ,16, l2_data_size,524288,l2_block_size ,32,l1_inst_block_size,32,l1_data_block_size,32,l2_associativity ,1,l1_data_size,65536B,l1_inst_size,16384B,l1_data_asociativity,4, l1_ist_aso_str,1,cpi_value ,2.9952596959999997
iteration no ,17, l2_data_size,524288,l2_block_size ,32,l1_inst_block_size,32,l1_data_block_size,32,l2_associativity ,1,l1_data_size,65536B,l1_inst_size,16384B,l1_data_asociativity,4, l1_ist_aso_str,2,cpi_value ,2.963427072
iteration no ,18, l2_data_size,524288,l2_block_size ,32,l1_inst_block_size,32,l1_data_block_size,32,l2_associativity ,1,l1_data_size,65536B,l1_inst_size,16384B,l1_data_asociativity,4, l1_ist_aso_str,4,cpi_value ,2.958238972
iteration no ,19, l2_data_size,524288,l2_block_size ,32,l1_inst_block_size,32,l1_data_block_size,32,l2_associativity ,1,l1_data_size,131072B,l1_inst_size,8192B,l1_data_asociativity,1, l1_ist_aso_str,1,cpi_value ,3.06807388
iteration no ,20, l2_data_size,524288,l2_block_size ,32,l1_inst_block_size,32,l1_data_block_size,32,l2_associativity ,1,l1_data_size,131072B,l1_inst_size,8192B,l1_data_asociativity,1, l1_ist_aso_str,2,cpi_value ,3.059939788
iteration no ,21, l2_data_size,524288,l2_block_size ,32,l1_inst_block_size,32,l1_data_block_size,32,l2_associativity ,1,l1_data_size,131072B,l1_inst_size,8192B,l1_data_asociativity,1, l1_ist_aso_str,4,cpi_value ,3.054225768
iteration no ,22, l2_data_size,524288,l2_block_size ,32,l1_inst_block_size,32,l1_data_block_size,32,l2_associativity ,1,l1_data_size,131072B,l1_inst_size,8192B,l1_data_asociativity,2, l1_ist_aso_str,1,cpi_value ,3.062706472
iteration no ,23, l2_data_size,524288,l2_block_size ,32,l1_inst_block_size,32,l1_data_block_size,32,l2_associativity ,1,l1_data_size,131072B,l1_inst_size,8192B,l1_data_asociativity,2, l1_ist_aso_str,2,cpi_value ,3.05456898
iteration no ,24, l2_data_size,524288,l2_block_size ,32,l1_inst_block_size,32,l1_data_block_size,32,l2_associativity ,1,l1_data_size,131072B,l1_inst_size,8192B,l1_data_asociativity,2, l1_ist_aso_str,4,cpi_value ,3.04885666
iteration no ,25, l2_data_size,524288,l2_block_size ,32,l1_inst_block_size,32,l1_data_block_size,32,l2_associativity ,1,l1_data_size,131072B,l1_inst_size,8192B,l1_data_asociativity,4, l1_ist_aso_str,1,cpi_value ,3.062374124
iteration no ,26, l2_data_size,524288,l2_block_size ,32,l1_inst_block_size,32,l1_data_block_size,32,l2_associativity ,1,l1_data_size,131072B,l1_inst_size,8192B,l1_data_asociativity,4, l1_ist_aso_str,2,cpi_value ,3.054239832
iteration no ,27, l2_data_size,524288,l2_block_size ,32,l1_inst_block_size,32,l1_data_block_size,32,l2_associativity ,1,l1_data_size,131072B,l1_inst_size,8192B,l1_data_asociativity,4, l1_ist_aso_str,4,cpi_value ,3.048525212
iteration no ,28, l2_data_size,524288,l2_block_size ,32,l1_inst_block_size,32,l1_data_block_size,32,l2_associativity ,1,l1_data_size,131072B,l1_inst_size,16384B,l1_data_asociativity,1, l1_ist_aso_str,1,cpi_value ,2.99865146
iteration no ,29, l2_data_size,524288,l2_block_size ,32,l1_inst_block_size,32,l1_data_block_size,32,l2_associativity ,1,l1_data_size,131072B,l1_inst_size,16384B,l1_data_asociativity,1, l1_ist_aso_str,2,cpi_value ,2.9667896359999997
iteration no ,30, l2_data_size,524288,l2_block_size ,32,l1_inst_block_size,32,l1_data_block_size,32,l2_associativity ,1,l1_data_size,131072B,l1_inst_size,16384B,l1_data_asociativity,1, l1_ist_aso_str,4,cpi_value ,2.961556236
iteration no ,31, l2_data_size,524288,l2_block_size ,32,l1_inst_block_size,32,l1_data_block_size,32,l2_associativity ,1,l1_data_size,131072B,l1_inst_size,16384B,l1_data_asociativity,2, l1_ist_aso_str,1,cpi_value ,2.993295152
iteration no ,32, l2_data_size,524288,l2_block_size ,32,l1_inst_block_size,32,l1_data_block_size,32,l2_associativity ,1,l1_data_size,131072B,l1_inst_size,16384B,l1_data_asociativity,2, l1_ist_aso_str,2,cpi_value ,2.961480828
iteration no ,33, l2_data_size,524288,l2_block_size ,32,l1_inst_block_size,32,l1_data_block_size,32,l2_associativity ,1,l1_data_size,131072B,l1_inst_size,16384B,l1_data_asociativity,2, l1_ist_aso_str,4,cpi_value ,2.956299028
iteration no ,34, l2_data_size,524288,l2_block_size ,32,l1_inst_block_size,32,l1_data_block_size,32,l2_associativity ,1,l1_data_size,131072B,l1_inst_size,16384B,l1_data_asociativity,4, l1_ist_aso_str,1,cpi_value ,2.992957004
iteration no ,35, l2_data_size,524288,l2_block_size ,32,l1_inst_block_size,32,l1_data_block_size,32,l2_associativity ,1,l1_data_size,131072B,l1_inst_size,16384B,l1_data_asociativity,4, l1_ist_aso_str,2,cpi_value ,2.9611430800000003
iteration no ,36, l2_data_size,524288,l2_block_size ,32,l1_inst_block_size,32,l1_data_block_size,32,l2_associativity ,1,l1_data_size,131072B,l1_inst_size,16384B,l1_data_asociativity,4, l1_ist_aso_str,4,cpi_value ,2.95596788
iteration no ,37, l2_data_size,524288,l2_block_size ,32,l1_inst_block_size,32,l1_data_block_size,32,l2_associativity ,2,l1_data_size,65536B,l1_inst_size,8192B,l1_data_asociativity,1, l1_ist_aso_str,1,cpi_value ,3.067962408
iteration no ,38, l2_data_size,524288,l2_block_size ,32,l1_inst_block_size,32,l1_data_block_size,32,l2_associativity ,2,l1_data_size,65536B,l1_inst_size,8192B,l1_data_asociativity,1, l1_ist_aso_str,2,cpi_value ,3.059826416
iteration no ,39, l2_data_size,524288,l2_block_size ,32,l1_inst_block_size,32,l1_data_block_size,32,l2_associativity ,2,l1_data_size,65536B,l1_inst_size,8192B,l1_data_asociativity,1, l1_ist_aso_str,4,cpi_value ,3.054107596
iteration no ,40, l2_data_size,524288,l2_block_size ,32,l1_inst_block_size,32,l1_data_block_size,32,l2_associativity ,2,l1_data_size,65536B,l1_inst_size,8192B,l1_data_asociativity,2, l1_ist_aso_str,1,cpi_value ,3.063447556
iteration no ,41, l2_data_size,524288,l2_block_size ,32,l1_inst_block_size,32,l1_data_block_size,32,l2_associativity ,2,l1_data_size,65536B,l1_inst_size,8192B,l1_data_asociativity,2, l1_ist_aso_str,2,cpi_value ,3.055309764
iteration no ,42, l2_data_size,524288,l2_block_size ,32,l1_inst_block_size,32,l1_data_block_size,32,l2_associativity ,2,l1_data_size,65536B,l1_inst_size,8192B,l1_data_asociativity,2, l1_ist_aso_str,4,cpi_value ,3.049598444
iteration no ,43, l2_data_size,524288,l2_block_size ,32,l1_inst_block_size,32,l1_data_block_size,32,l2_associativity ,2,l1_data_size,65536B,l1_inst_size,8192B,l1_data_asociativity,4, l1_ist_aso_str,1,cpi_value ,3.062702116
iteration no ,44, l2_data_size,524288,l2_block_size ,32,l1_inst_block_size,32,l1_data_block_size,32,l2_associativity ,2,l1_data_size,65536B,l1_inst_size,8192B,l1_data_asociativity,4, l1_ist_aso_str,2,cpi_value ,3.054565924
iteration no ,45, l2_data_size,524288,l2_block_size ,32,l1_inst_block_size,32,l1_data_block_size,32,l2_associativity ,2,l1_data_size,65536B,l1_inst_size,8192B,l1_data_asociativity,4, l1_ist_aso_str,4,cpi_value ,3.048855704
iteration no ,46, l2_data_size,524288,l2_block_size ,32,l1_inst_block_size,32,l1_data_block_size,32,l2_associativity ,2,l1_data_size,65536B,l1_inst_size,16384B,l1_data_asociativity,1, l1_ist_aso_str,1,cpi_value ,2.998688488
iteration no ,47, l2_data_size,524288,l2_block_size ,32,l1_inst_block_size,32,l1_data_block_size,32,l2_associativity ,2,l1_data_size,65536B,l1_inst_size,16384B,l1_data_asociativity,1, l1_ist_aso_str,2,cpi_value ,2.966914364
iteration no ,48, l2_data_size,524288,l2_block_size ,32,l1_inst_block_size,32,l1_data_block_size,32,l2_associativity ,2,l1_data_size,65536B,l1_inst_size,16384B,l1_data_asociativity,1, l1_ist_aso_str,4,cpi_value ,2.961705364
iteration no ,49, l2_data_size,524288,l2_block_size ,32,l1_inst_block_size,32,l1_data_block_size,32,l2_associativity ,2,l1_data_size,65536B,l1_inst_size,16384B,l1_data_asociativity,2, l1_ist_aso_str,1,cpi_value ,2.994210036
iteration no ,50, l2_data_size,524288,l2_block_size ,32,l1_inst_block_size,32,l1_data_block_size,32,l2_associativity ,2,l1_data_size,65536B,l1_inst_size,16384B,l1_data_asociativity,2, l1_ist_aso_str,2,cpi_value ,2.962441912
iteration no ,51, l2_data_size,524288,l2_block_size ,32,l1_inst_block_size,32,l1_data_block_size,32,l2_associativity ,2,l1_data_size,65536B,l1_inst_size,16384B,l1_data_asociativity,2, l1_ist_aso_str,4,cpi_value ,2.957269312
iteration no ,52, l2_data_size,524288,l2_block_size ,32,l1_inst_block_size,32,l1_data_block_size,32,l2_associativity ,2,l1_data_size,65536B,l1_inst_size,16384B,l1_data_asociativity,4, l1_ist_aso_str,1,cpi_value ,2.993484296
iteration no ,53, l2_data_size,524288,l2_block_size ,32,l1_inst_block_size,32,l1_data_block_size,32,l2_associativity ,2,l1_data_size,65536B,l1_inst_size,16384B,l1_data_asociativity,4, l1_ist_aso_str,2,cpi_value ,2.961712972
iteration no ,54, l2_data_size,524288,l2_block_size ,32,l1_inst_block_size,32,l1_data_block_size,32,l2_associativity ,2,l1_data_size,65536B,l1_inst_size,16384B,l1_data_asociativity,4, l1_ist_aso_str,4,cpi_value ,2.956545072
iteration no ,55, l2_data_size,524288,l2_block_size ,32,l1_inst_block_size,32,l1_data_block_size,32,l2_associativity ,2,l1_data_size,131072B,l1_inst_size,8192B,l1_data_asociativity,1, l1_ist_aso_str,1,cpi_value ,3.06489318
iteration no ,56, l2_data_size,524288,l2_block_size ,32,l1_inst_block_size,32,l1_data_block_size,32,l2_associativity ,2,l1_data_size,131072B,l1_inst_size,8192B,l1_data_asociativity,1, l1_ist_aso_str,2,cpi_value ,3.056755388
iteration no ,57, l2_data_size,524288,l2_block_size ,32,l1_inst_block_size,32,l1_data_block_size,32,l2_associativity ,2,l1_data_size,131072B,l1_inst_size,8192B,l1_data_asociativity,1, l1_ist_aso_str,4,cpi_value ,3.051037868
iteration no ,58, l2_data_size,524288,l2_block_size ,32,l1_inst_block_size,32,l1_data_block_size,32,l2_associativity ,2,l1_data_size,131072B,l1_inst_size,8192B,l1_data_asociativity,2, l1_ist_aso_str,1,cpi_value ,3.061668972
iteration no ,59, l2_data_size,524288,l2_block_size ,32,l1_inst_block_size,32,l1_data_block_size,32,l2_associativity ,2,l1_data_size,131072B,l1_inst_size,8192B,l1_data_asociativity,2, l1_ist_aso_str,2,cpi_value ,3.05353078
iteration no ,60, l2_data_size,524288,l2_block_size ,32,l1_inst_block_size,32,l1_data_block_size,32,l2_associativity ,2,l1_data_size,131072B,l1_inst_size,8192B,l1_data_asociativity,2, l1_ist_aso_str,4,cpi_value ,3.04781786
iteration no ,61, l2_data_size,524288,l2_block_size ,32,l1_inst_block_size,32,l1_data_block_size,32,l2_associativity ,2,l1_data_size,131072B,l1_inst_size,8192B,l1_data_asociativity,4, l1_ist_aso_str,1,cpi_value ,3.061265024
iteration no ,62, l2_data_size,524288,l2_block_size ,32,l1_inst_block_size,32,l1_data_block_size,32,l2_associativity ,2,l1_data_size,131072B,l1_inst_size,8192B,l1_data_asociativity,4, l1_ist_aso_str,2,cpi_value ,3.053126032
iteration no ,63, l2_data_size,524288,l2_block_size ,32,l1_inst_block_size,32,l1_data_block_size,32,l2_associativity ,2,l1_data_size,131072B,l1_inst_size,8192B,l1_data_asociativity,4, l1_ist_aso_str,4,cpi_value ,3.047416112
iteration no ,64, l2_data_size,524288,l2_block_size ,32,l1_inst_block_size,32,l1_data_block_size,32,l2_associativity ,2,l1_data_size,131072B,l1_inst_size,16384B,l1_data_asociativity,1, l1_ist_aso_str,1,cpi_value ,2.99555916
iteration no ,65, l2_data_size,524288,l2_block_size ,32,l1_inst_block_size,32,l1_data_block_size,32,l2_associativity ,2,l1_data_size,131072B,l1_inst_size,16384B,l1_data_asociativity,1, l1_ist_aso_str,2,cpi_value ,2.963773636
iteration no ,66, l2_data_size,524288,l2_block_size ,32,l1_inst_block_size,32,l1_data_block_size,32,l2_associativity ,2,l1_data_size,131072B,l1_inst_size,16384B,l1_data_asociativity,1, l1_ist_aso_str,4,cpi_value ,2.958564736
iteration no ,67, l2_data_size,524288,l2_block_size ,32,l1_inst_block_size,32,l1_data_block_size,32,l2_associativity ,2,l1_data_size,131072B,l1_inst_size,16384B,l1_data_asociativity,2, l1_ist_aso_str,1,cpi_value ,2.992417152
iteration no ,68, l2_data_size,524288,l2_block_size ,32,l1_inst_block_size,32,l1_data_block_size,32,l2_associativity ,2,l1_data_size,131072B,l1_inst_size,16384B,l1_data_asociativity,2, l1_ist_aso_str,2,cpi_value ,2.960629028
iteration no ,69, l2_data_size,524288,l2_block_size ,32,l1_inst_block_size,32,l1_data_block_size,32,l2_associativity ,2,l1_data_size,131072B,l1_inst_size,16384B,l1_data_asociativity,2, l1_ist_aso_str,4,cpi_value ,2.9554569280000003
iteration no ,70, l2_data_size,524288,l2_block_size ,32,l1_inst_block_size,32,l1_data_block_size,32,l2_associativity ,2,l1_data_size,131072B,l1_inst_size,16384B,l1_data_asociativity,4, l1_ist_aso_str,1,cpi_value ,2.9920457039999997
iteration no ,71, l2_data_size,524288,l2_block_size ,32,l1_inst_block_size,32,l1_data_block_size,32,l2_associativity ,2,l1_data_size,131072B,l1_inst_size,16384B,l1_data_asociativity,4, l1_ist_aso_str,2,cpi_value ,2.96025998
iteration no ,72, l2_data_size,524288,l2_block_size ,32,l1_inst_block_size,32,l1_data_block_size,32,l2_associativity ,2,l1_data_size,131072B,l1_inst_size,16384B,l1_data_asociativity,4, l1_ist_aso_str,4,cpi_value ,2.95509108
iteration no ,73, l2_data_size,524288,l2_block_size ,32,l1_inst_block_size,32,l1_data_block_size,32,l2_associativity ,4,l1_data_size,65536B,l1_inst_size,8192B,l1_data_asociativity,1, l1_ist_aso_str,1,cpi_value ,3.066918908
iteration no ,74, l2_data_size,524288,l2_block_size ,32,l1_inst_block_size,32,l1_data_block_size,32,l2_associativity ,4,l1_data_size,65536B,l1_inst_size,8192B,l1_data_asociativity,1, l1_ist_aso_str,2,cpi_value ,3.058782016
iteration no ,75, l2_data_size,524288,l2_block_size ,32,l1_inst_block_size,32,l1_data_block_size,32,l2_associativity ,4,l1_data_size,65536B,l1_inst_size,8192B,l1_data_asociativity,1, l1_ist_aso_str,4,cpi_value ,3.053071396
iteration no ,76, l2_data_size,524288,l2_block_size ,32,l1_inst_block_size,32,l1_data_block_size,32,l2_associativity ,4,l1_data_size,65536B,l1_inst_size,8192B,l1_data_asociativity,2, l1_ist_aso_str,1,cpi_value ,3.062790156
iteration no ,77, l2_data_size,524288,l2_block_size ,32,l1_inst_block_size,32,l1_data_block_size,32,l2_associativity ,4,l1_data_size,65536B,l1_inst_size,8192B,l1_data_asociativity,2, l1_ist_aso_str,2,cpi_value ,3.054653164
iteration no ,78, l2_data_size,524288,l2_block_size ,32,l1_inst_block_size,32,l1_data_block_size,32,l2_associativity ,4,l1_data_size,65536B,l1_inst_size,8192B,l1_data_asociativity,2, l1_ist_aso_str,4,cpi_value ,3.048942644
iteration no ,79, l2_data_size,524288,l2_block_size ,32,l1_inst_block_size,32,l1_data_block_size,32,l2_associativity ,4,l1_data_size,65536B,l1_inst_size,8192B,l1_data_asociativity,4, l1_ist_aso_str,1,cpi_value ,3.062150416
iteration no ,80, l2_data_size,524288,l2_block_size ,32,l1_inst_block_size,32,l1_data_block_size,32,l2_associativity ,4,l1_data_size,65536B,l1_inst_size,8192B,l1_data_asociativity,4, l1_ist_aso_str,2,cpi_value ,3.054013424
iteration no ,81, l2_data_size,524288,l2_block_size ,32,l1_inst_block_size,32,l1_data_block_size,32,l2_associativity ,4,l1_data_size,65536B,l1_inst_size,8192B,l1_data_asociativity,4, l1_ist_aso_str,4,cpi_value ,3.048302904
iteration no ,82, l2_data_size,524288,l2_block_size ,32,l1_inst_block_size,32,l1_data_block_size,32,l2_associativity ,4,l1_data_size,65536B,l1_inst_size,16384B,l1_data_asociativity,1, l1_ist_aso_str,1,cpi_value ,2.997744188
iteration no ,83, l2_data_size,524288,l2_block_size ,32,l1_inst_block_size,32,l1_data_block_size,32,l2_associativity ,4,l1_data_size,65536B,l1_inst_size,16384B,l1_data_asociativity,1, l1_ist_aso_str,2,cpi_value ,2.965952164
iteration no ,84, l2_data_size,524288,l2_block_size ,32,l1_inst_block_size,32,l1_data_block_size,32,l2_associativity ,4,l1_data_size,65536B,l1_inst_size,16384B,l1_data_asociativity,1, l1_ist_aso_str,4,cpi_value ,2.9607838639999997
iteration no ,85, l2_data_size,524288,l2_block_size ,32,l1_inst_block_size,32,l1_data_block_size,32,l2_associativity ,4,l1_data_size,65536B,l1_inst_size,16384B,l1_data_asociativity,2, l1_ist_aso_str,1,cpi_value ,2.993614736
iteration no ,86, l2_data_size,524288,l2_block_size ,32,l1_inst_block_size,32,l1_data_block_size,32,l2_associativity ,4,l1_data_size,65536B,l1_inst_size,16384B,l1_data_asociativity,2, l1_ist_aso_str,2,cpi_value ,2.961823312
iteration no ,87, l2_data_size,524288,l2_block_size ,32,l1_inst_block_size,32,l1_data_block_size,32,l2_associativity ,4,l1_data_size,65536B,l1_inst_size,16384B,l1_data_asociativity,2, l1_ist_aso_str,4,cpi_value ,2.956654812
iteration no ,88, l2_data_size,524288,l2_block_size ,32,l1_inst_block_size,32,l1_data_block_size,32,l2_associativity ,4,l1_data_size,65536B,l1_inst_size,16384B,l1_data_asociativity,4, l1_ist_aso_str,1,cpi_value ,2.992976096
iteration no ,89, l2_data_size,524288,l2_block_size ,32,l1_inst_block_size,32,l1_data_block_size,32,l2_associativity ,4,l1_data_size,65536B,l1_inst_size,16384B,l1_data_asociativity,4, l1_ist_aso_str,2,cpi_value ,2.9611836719999998
iteration no ,90, l2_data_size,524288,l2_block_size ,32,l1_inst_block_size,32,l1_data_block_size,32,l2_associativity ,4,l1_data_size,65536B,l1_inst_size,16384B,l1_data_asociativity,4, l1_ist_aso_str,4,cpi_value ,2.956015372
iteration no ,91, l2_data_size,524288,l2_block_size ,32,l1_inst_block_size,32,l1_data_block_size,32,l2_associativity ,4,l1_data_size,131072B,l1_inst_size,8192B,l1_data_asociativity,1, l1_ist_aso_str,1,cpi_value ,3.06357078
iteration no ,92, l2_data_size,524288,l2_block_size ,32,l1_inst_block_size,32,l1_data_block_size,32,l2_associativity ,4,l1_data_size,131072B,l1_inst_size,8192B,l1_data_asociativity,1, l1_ist_aso_str,2,cpi_value ,3.055433688
iteration no ,93, l2_data_size,524288,l2_block_size ,32,l1_inst_block_size,32,l1_data_block_size,32,l2_associativity ,4,l1_data_size,131072B,l1_inst_size,8192B,l1_data_asociativity,1, l1_ist_aso_str,4,cpi_value ,3.049723168
iteration no ,94, l2_data_size,524288,l2_block_size ,32,l1_inst_block_size,32,l1_data_block_size,32,l2_associativity ,4,l1_data_size,131072B,l1_inst_size,8192B,l1_data_asociativity,2, l1_ist_aso_str,1,cpi_value ,3.061075672
iteration no ,95, l2_data_size,524288,l2_block_size ,32,l1_inst_block_size,32,l1_data_block_size,32,l2_associativity ,4,l1_data_size,131072B,l1_inst_size,8192B,l1_data_asociativity,2, l1_ist_aso_str,2,cpi_value ,3.05293868
iteration no ,96, l2_data_size,524288,l2_block_size ,32,l1_inst_block_size,32,l1_data_block_size,32,l2_associativity ,4,l1_data_size,131072B,l1_inst_size,8192B,l1_data_asociativity,2, l1_ist_aso_str,4,cpi_value ,3.04722806
iteration no ,97, l2_data_size,524288,l2_block_size ,32,l1_inst_block_size,32,l1_data_block_size,32,l2_associativity ,4,l1_data_size,131072B,l1_inst_size,8192B,l1_data_asociativity,4, l1_ist_aso_str,1,cpi_value ,3.060853924
iteration no ,98, l2_data_size,524288,l2_block_size ,32,l1_inst_block_size,32,l1_data_block_size,32,l2_associativity ,4,l1_data_size,131072B,l1_inst_size,8192B,l1_data_asociativity,4, l1_ist_aso_str,2,cpi_value ,3.052716832
iteration no ,99, l2_data_size,524288,l2_block_size ,32,l1_inst_block_size,32,l1_data_block_size,32,l2_associativity ,4,l1_data_size,131072B,l1_inst_size,8192B,l1_data_asociativity,4, l1_ist_aso_str,4,cpi_value ,3.047006012
iteration no ,100, l2_data_size,524288,l2_block_size ,32,l1_inst_block_size,32,l1_data_block_size,32,l2_associativity ,4,l1_data_size,131072B,l1_inst_size,16384B,l1_data_asociativity,1, l1_ist_aso_str,1,cpi_value ,2.99439376
iteration no ,101, l2_data_size,524288,l2_block_size ,32,l1_inst_block_size,32,l1_data_block_size,32,l2_associativity ,4,l1_data_size,131072B,l1_inst_size,16384B,l1_data_asociativity,1, l1_ist_aso_str,2,cpi_value ,2.962603636
iteration no ,102, l2_data_size,524288,l2_block_size ,32,l1_inst_block_size,32,l1_data_block_size,32,l2_associativity ,4,l1_data_size,131072B,l1_inst_size,16384B,l1_data_asociativity,1, l1_ist_aso_str,4,cpi_value ,2.957435536
iteration no ,103, l2_data_size,524288,l2_block_size ,32,l1_inst_block_size,32,l1_data_block_size,32,l2_associativity ,4,l1_data_size,131072B,l1_inst_size,16384B,l1_data_asociativity,2, l1_ist_aso_str,1,cpi_value ,2.991898152
iteration no ,104, l2_data_size,524288,l2_block_size ,32,l1_inst_block_size,32,l1_data_block_size,32,l2_associativity ,4,l1_data_size,131072B,l1_inst_size,16384B,l1_data_asociativity,2, l1_ist_aso_str,2,cpi_value ,2.960107528
iteration no ,105, l2_data_size,524288,l2_block_size ,32,l1_inst_block_size,32,l1_data_block_size,32,l2_associativity ,4,l1_data_size,131072B,l1_inst_size,16384B,l1_data_asociativity,2, l1_ist_aso_str,4,cpi_value ,2.954939328
iteration no ,106, l2_data_size,524288,l2_block_size ,32,l1_inst_block_size,32,l1_data_block_size,32,l2_associativity ,4,l1_data_size,131072B,l1_inst_size,16384B,l1_data_asociativity,4, l1_ist_aso_str,1,cpi_value ,2.991679004
iteration no ,107, l2_data_size,524288,l2_block_size ,32,l1_inst_block_size,32,l1_data_block_size,32,l2_associativity ,4,l1_data_size,131072B,l1_inst_size,16384B,l1_data_asociativity,4, l1_ist_aso_str,2,cpi_value ,2.95988718
iteration no ,108, l2_data_size,524288,l2_block_size ,32,l1_inst_block_size,32,l1_data_block_size,32,l2_associativity ,4,l1_data_size,131072B,l1_inst_size,16384B,l1_data_asociativity,4, l1_ist_aso_str,4,cpi_value ,2.95471838
iteration no ,109, l2_data_size,524288,l2_block_size ,64,l1_inst_block_size,64,l1_data_block_size,64,l2_associativity ,1,l1_data_size,65536B,l1_inst_size,8192B,l1_data_asociativity,1, l1_ist_aso_str,1,cpi_value ,2.0810713759999997
iteration no ,110, l2_data_size,524288,l2_block_size ,64,l1_inst_block_size,64,l1_data_block_size,64,l2_associativity ,1,l1_data_size,65536B,l1_inst_size,8192B,l1_data_asociativity,1, l1_ist_aso_str,2,cpi_value ,2.074653908
iteration no ,111, l2_data_size,524288,l2_block_size ,64,l1_inst_block_size,64,l1_data_block_size,64,l2_associativity ,1,l1_data_size,65536B,l1_inst_size,8192B,l1_data_asociativity,1, l1_ist_aso_str,4,cpi_value ,2.068105988
iteration no ,112, l2_data_size,524288,l2_block_size ,64,l1_inst_block_size,64,l1_data_block_size,64,l2_associativity ,1,l1_data_size,65536B,l1_inst_size,8192B,l1_data_asociativity,2, l1_ist_aso_str,1,cpi_value ,2.073788332
iteration no ,113, l2_data_size,524288,l2_block_size ,64,l1_inst_block_size,64,l1_data_block_size,64,l2_associativity ,1,l1_data_size,65536B,l1_inst_size,8192B,l1_data_asociativity,2, l1_ist_aso_str,2,cpi_value ,2.067363564
iteration no ,114, l2_data_size,524288,l2_block_size ,64,l1_inst_block_size,64,l1_data_block_size,64,l2_associativity ,1,l1_data_size,65536B,l1_inst_size,8192B,l1_data_asociativity,2, l1_ist_aso_str,4,cpi_value ,2.0608634439999998
iteration no ,115, l2_data_size,524288,l2_block_size ,64,l1_inst_block_size,64,l1_data_block_size,64,l2_associativity ,1,l1_data_size,65536B,l1_inst_size,8192B,l1_data_asociativity,4, l1_ist_aso_str,1,cpi_value ,2.072305652
iteration no ,116, l2_data_size,524288,l2_block_size ,64,l1_inst_block_size,64,l1_data_block_size,64,l2_associativity ,1,l1_data_size,65536B,l1_inst_size,8192B,l1_data_asociativity,4, l1_ist_aso_str,2,cpi_value ,2.065880284
iteration no ,117, l2_data_size,524288,l2_block_size ,64,l1_inst_block_size,64,l1_data_block_size,64,l2_associativity ,1,l1_data_size,65536B,l1_inst_size,8192B,l1_data_asociativity,4, l1_ist_aso_str,4,cpi_value ,2.059361664
iteration no ,118, l2_data_size,524288,l2_block_size ,64,l1_inst_block_size,64,l1_data_block_size,64,l2_associativity ,1,l1_data_size,65536B,l1_inst_size,16384B,l1_data_asociativity,1, l1_ist_aso_str,1,cpi_value ,2.0347828320000003
iteration no ,119, l2_data_size,524288,l2_block_size ,64,l1_inst_block_size,64,l1_data_block_size,64,l2_associativity ,1,l1_data_size,65536B,l1_inst_size,16384B,l1_data_asociativity,1, l1_ist_aso_str,2,cpi_value ,2.016890148
iteration no ,120, l2_data_size,524288,l2_block_size ,64,l1_inst_block_size,64,l1_data_block_size,64,l2_associativity ,1,l1_data_size,65536B,l1_inst_size,16384B,l1_data_asociativity,1, l1_ist_aso_str,4,cpi_value ,2.014035044
iteration no ,121, l2_data_size,524288,l2_block_size ,64,l1_inst_block_size,64,l1_data_block_size,64,l2_associativity ,1,l1_data_size,65536B,l1_inst_size,16384B,l1_data_asociativity,2, l1_ist_aso_str,1,cpi_value ,2.027504388
iteration no ,122, l2_data_size,524288,l2_block_size ,64,l1_inst_block_size,64,l1_data_block_size,64,l2_associativity ,1,l1_data_size,65536B,l1_inst_size,16384B,l1_data_asociativity,2, l1_ist_aso_str,2,cpi_value ,2.0097376039999997
iteration no ,123, l2_data_size,524288,l2_block_size ,64,l1_inst_block_size,64,l1_data_block_size,64,l2_associativity ,1,l1_data_size,65536B,l1_inst_size,16384B,l1_data_asociativity,2, l1_ist_aso_str,4,cpi_value ,2.0069312
iteration no ,124, l2_data_size,524288,l2_block_size ,64,l1_inst_block_size,64,l1_data_block_size,64,l2_associativity ,1,l1_data_size,65536B,l1_inst_size,16384B,l1_data_asociativity,4, l1_ist_aso_str,1,cpi_value ,2.026032208
iteration no ,125, l2_data_size,524288,l2_block_size ,64,l1_inst_block_size,64,l1_data_block_size,64,l2_associativity ,1,l1_data_size,65536B,l1_inst_size,16384B,l1_data_asociativity,4, l1_ist_aso_str,2,cpi_value ,2.008275424
iteration no ,126, l2_data_size,524288,l2_block_size ,64,l1_inst_block_size,64,l1_data_block_size,64,l2_associativity ,1,l1_data_size,65536B,l1_inst_size,16384B,l1_data_asociativity,4, l1_ist_aso_str,4,cpi_value ,2.00548062
iteration no ,127, l2_data_size,524288,l2_block_size ,64,l1_inst_block_size,64,l1_data_block_size,64,l2_associativity ,1,l1_data_size,131072B,l1_inst_size,8192B,l1_data_asociativity,1, l1_ist_aso_str,1,cpi_value ,2.076544916
iteration no ,128, l2_data_size,524288,l2_block_size ,64,l1_inst_block_size,64,l1_data_block_size,64,l2_associativity ,1,l1_data_size,131072B,l1_inst_size,8192B,l1_data_asociativity,1, l1_ist_aso_str,2,cpi_value ,2.070121748
iteration no ,129, l2_data_size,524288,l2_block_size ,64,l1_inst_block_size,64,l1_data_block_size,64,l2_associativity ,1,l1_data_size,131072B,l1_inst_size,8192B,l1_data_asociativity,1, l1_ist_aso_str,4,cpi_value ,2.063580828
iteration no ,130, l2_data_size,524288,l2_block_size ,64,l1_inst_block_size,64,l1_data_block_size,64,l2_associativity ,1,l1_data_size,131072B,l1_inst_size,8192B,l1_data_asociativity,2, l1_ist_aso_str,1,cpi_value ,2.070395208
iteration no ,131, l2_data_size,524288,l2_block_size ,64,l1_inst_block_size,64,l1_data_block_size,64,l2_associativity ,1,l1_data_size,131072B,l1_inst_size,8192B,l1_data_asociativity,2, l1_ist_aso_str,2,cpi_value ,2.06396894
iteration no ,132, l2_data_size,524288,l2_block_size ,64,l1_inst_block_size,64,l1_data_block_size,64,l2_associativity ,1,l1_data_size,131072B,l1_inst_size,8192B,l1_data_asociativity,2, l1_ist_aso_str,4,cpi_value ,2.05744252
iteration no ,133, l2_data_size,524288,l2_block_size ,64,l1_inst_block_size,64,l1_data_block_size,64,l2_associativity ,1,l1_data_size,131072B,l1_inst_size,8192B,l1_data_asociativity,4, l1_ist_aso_str,1,cpi_value ,2.069943992
iteration no ,134, l2_data_size,524288,l2_block_size ,64,l1_inst_block_size,64,l1_data_block_size,64,l2_associativity ,1,l1_data_size,131072B,l1_inst_size,8192B,l1_data_asociativity,4, l1_ist_aso_str,2,cpi_value ,2.0635151240000003
iteration no ,135, l2_data_size,524288,l2_block_size ,64,l1_inst_block_size,64,l1_data_block_size,64,l2_associativity ,1,l1_data_size,131072B,l1_inst_size,8192B,l1_data_asociativity,4, l1_ist_aso_str,4,cpi_value ,2.056992704
iteration no ,136, l2_data_size,524288,l2_block_size ,64,l1_inst_block_size,64,l1_data_block_size,64,l2_associativity ,1,l1_data_size,131072B,l1_inst_size,16384B,l1_data_asociativity,1, l1_ist_aso_str,1,cpi_value ,2.030290572
iteration no ,137, l2_data_size,524288,l2_block_size ,64,l1_inst_block_size,64,l1_data_block_size,64,l2_associativity ,1,l1_data_size,131072B,l1_inst_size,16384B,l1_data_asociativity,1, l1_ist_aso_str,2,cpi_value ,2.012491588
iteration no ,138, l2_data_size,524288,l2_block_size ,64,l1_inst_block_size,64,l1_data_block_size,64,l2_associativity ,1,l1_data_size,131072B,l1_inst_size,16384B,l1_data_asociativity,1, l1_ist_aso_str,4,cpi_value ,2.009638684
iteration no ,139, l2_data_size,524288,l2_block_size ,64,l1_inst_block_size,64,l1_data_block_size,64,l2_associativity ,1,l1_data_size,131072B,l1_inst_size,16384B,l1_data_asociativity,2, l1_ist_aso_str,1,cpi_value ,2.0241401640000003
iteration no ,140, l2_data_size,524288,l2_block_size ,64,l1_inst_block_size,64,l1_data_block_size,64,l2_associativity ,1,l1_data_size,131072B,l1_inst_size,16384B,l1_data_asociativity,2, l1_ist_aso_str,2,cpi_value ,2.00640538
iteration no ,141, l2_data_size,524288,l2_block_size ,64,l1_inst_block_size,64,l1_data_block_size,64,l2_associativity ,1,l1_data_size,131072B,l1_inst_size,16384B,l1_data_asociativity,2, l1_ist_aso_str,4,cpi_value ,2.003618176
iteration no ,142, l2_data_size,524288,l2_block_size ,64,l1_inst_block_size,64,l1_data_block_size,64,l2_associativity ,1,l1_data_size,131072B,l1_inst_size,16384B,l1_data_asociativity,4, l1_ist_aso_str,1,cpi_value ,2.023679848
iteration no ,143, l2_data_size,524288,l2_block_size ,64,l1_inst_block_size,64,l1_data_block_size,64,l2_associativity ,1,l1_data_size,131072B,l1_inst_size,16384B,l1_data_asociativity,4, l1_ist_aso_str,2,cpi_value ,2.005949164
iteration no ,144, l2_data_size,524288,l2_block_size ,64,l1_inst_block_size,64,l1_data_block_size,64,l2_associativity ,1,l1_data_size,131072B,l1_inst_size,16384B,l1_data_asociativity,4, l1_ist_aso_str,4,cpi_value ,2.0031674600000002
iteration no ,145, l2_data_size,524288,l2_block_size ,64,l1_inst_block_size,64,l1_data_block_size,64,l2_associativity ,2,l1_data_size,65536B,l1_inst_size,8192B,l1_data_asociativity,1, l1_ist_aso_str,1,cpi_value ,2.0764737760000003
iteration no ,146, l2_data_size,524288,l2_block_size ,64,l1_inst_block_size,64,l1_data_block_size,64,l2_associativity ,2,l1_data_size,65536B,l1_inst_size,8192B,l1_data_asociativity,1, l1_ist_aso_str,2,cpi_value ,2.070048008
iteration no ,147, l2_data_size,524288,l2_block_size ,64,l1_inst_block_size,64,l1_data_block_size,64,l2_associativity ,2,l1_data_size,65536B,l1_inst_size,8192B,l1_data_asociativity,1, l1_ist_aso_str,4,cpi_value ,2.063514088
iteration no ,148, l2_data_size,524288,l2_block_size ,64,l1_inst_block_size,64,l1_data_block_size,64,l2_associativity ,2,l1_data_size,65536B,l1_inst_size,8192B,l1_data_asociativity,2, l1_ist_aso_str,1,cpi_value ,2.071099132
iteration no ,149, l2_data_size,524288,l2_block_size ,64,l1_inst_block_size,64,l1_data_block_size,64,l2_associativity ,2,l1_data_size,65536B,l1_inst_size,8192B,l1_data_asociativity,2, l1_ist_aso_str,2,cpi_value ,2.064672964
iteration no ,150, l2_data_size,524288,l2_block_size ,64,l1_inst_block_size,64,l1_data_block_size,64,l2_associativity ,2,l1_data_size,65536B,l1_inst_size,8192B,l1_data_asociativity,2, l1_ist_aso_str,4,cpi_value ,2.0581469439999998
iteration no ,151, l2_data_size,524288,l2_block_size ,64,l1_inst_block_size,64,l1_data_block_size,64,l2_associativity ,2,l1_data_size,65536B,l1_inst_size,8192B,l1_data_asociativity,4, l1_ist_aso_str,1,cpi_value ,2.0701714520000003
iteration no ,152, l2_data_size,524288,l2_block_size ,64,l1_inst_block_size,64,l1_data_block_size,64,l2_associativity ,2,l1_data_size,65536B,l1_inst_size,8192B,l1_data_asociativity,4, l1_ist_aso_str,2,cpi_value ,2.063744984
iteration no ,153, l2_data_size,524288,l2_block_size ,64,l1_inst_block_size,64,l1_data_block_size,64,l2_associativity ,2,l1_data_size,65536B,l1_inst_size,8192B,l1_data_asociativity,4, l1_ist_aso_str,4,cpi_value ,2.057219364
iteration no ,154, l2_data_size,524288,l2_block_size ,64,l1_inst_block_size,64,l1_data_block_size,64,l2_associativity ,2,l1_data_size,65536B,l1_inst_size,16384B,l1_data_asociativity,1, l1_ist_aso_str,1,cpi_value ,2.030357032
iteration no ,155, l2_data_size,524288,l2_block_size ,64,l1_inst_block_size,64,l1_data_block_size,64,l2_associativity ,2,l1_data_size,65536B,l1_inst_size,16384B,l1_data_asociativity,1, l1_ist_aso_str,2,cpi_value ,2.012660448
iteration no ,156, l2_data_size,524288,l2_block_size ,64,l1_inst_block_size,64,l1_data_block_size,64,l2_associativity ,2,l1_data_size,65536B,l1_inst_size,16384B,l1_data_asociativity,1, l1_ist_aso_str,4,cpi_value ,2.009839344
iteration no ,157, l2_data_size,524288,l2_block_size ,64,l1_inst_block_size,64,l1_data_block_size,64,l2_associativity ,2,l1_data_size,65536B,l1_inst_size,16384B,l1_data_asociativity,2, l1_ist_aso_str,1,cpi_value ,2.025019988
iteration no ,158, l2_data_size,524288,l2_block_size ,64,l1_inst_block_size,64,l1_data_block_size,64,l2_associativity ,2,l1_data_size,65536B,l1_inst_size,16384B,l1_data_asociativity,2, l1_ist_aso_str,2,cpi_value ,2.007325104
iteration no ,159, l2_data_size,524288,l2_block_size ,64,l1_inst_block_size,64,l1_data_block_size,64,l2_associativity ,2,l1_data_size,65536B,l1_inst_size,16384B,l1_data_asociativity,2, l1_ist_aso_str,4,cpi_value ,2.0045444
iteration no ,160, l2_data_size,524288,l2_block_size ,64,l1_inst_block_size,64,l1_data_block_size,64,l2_associativity ,2,l1_data_size,65536B,l1_inst_size,16384B,l1_data_asociativity,4, l1_ist_aso_str,1,cpi_value ,2.024106308
iteration no ,161, l2_data_size,524288,l2_block_size ,64,l1_inst_block_size,64,l1_data_block_size,64,l2_associativity ,2,l1_data_size,65536B,l1_inst_size,16384B,l1_data_asociativity,4, l1_ist_aso_str,2,cpi_value ,2.006412524
iteration no ,162, l2_data_size,524288,l2_block_size ,64,l1_inst_block_size,64,l1_data_block_size,64,l2_associativity ,2,l1_data_size,65536B,l1_inst_size,16384B,l1_data_asociativity,4, l1_ist_aso_str,4,cpi_value ,2.0036348200000003
iteration no ,163, l2_data_size,524288,l2_block_size ,64,l1_inst_block_size,64,l1_data_block_size,64,l2_associativity ,2,l1_data_size,131072B,l1_inst_size,8192B,l1_data_asociativity,1, l1_ist_aso_str,1,cpi_value ,2.0732992159999997
iteration no ,164, l2_data_size,524288,l2_block_size ,64,l1_inst_block_size,64,l1_data_block_size,64,l2_associativity ,2,l1_data_size,131072B,l1_inst_size,8192B,l1_data_asociativity,1, l1_ist_aso_str,2,cpi_value ,2.066875648
iteration no ,165, l2_data_size,524288,l2_block_size ,64,l1_inst_block_size,64,l1_data_block_size,64,l2_associativity ,2,l1_data_size,131072B,l1_inst_size,8192B,l1_data_asociativity,1, l1_ist_aso_str,4,cpi_value ,2.060341128
iteration no ,166, l2_data_size,524288,l2_block_size ,64,l1_inst_block_size,64,l1_data_block_size,64,l2_associativity ,2,l1_data_size,131072B,l1_inst_size,8192B,l1_data_asociativity,2, l1_ist_aso_str,1,cpi_value ,2.069303208
iteration no ,167, l2_data_size,524288,l2_block_size ,64,l1_inst_block_size,64,l1_data_block_size,64,l2_associativity ,2,l1_data_size,131072B,l1_inst_size,8192B,l1_data_asociativity,2, l1_ist_aso_str,2,cpi_value ,2.06287684
iteration no ,168, l2_data_size,524288,l2_block_size ,64,l1_inst_block_size,64,l1_data_block_size,64,l2_associativity ,2,l1_data_size,131072B,l1_inst_size,8192B,l1_data_asociativity,2, l1_ist_aso_str,4,cpi_value ,2.05635112
iteration no ,169, l2_data_size,524288,l2_block_size ,64,l1_inst_block_size,64,l1_data_block_size,64,l2_associativity ,2,l1_data_size,131072B,l1_inst_size,8192B,l1_data_asociativity,4, l1_ist_aso_str,1,cpi_value ,2.068834592
iteration no ,170, l2_data_size,524288,l2_block_size ,64,l1_inst_block_size,64,l1_data_block_size,64,l2_associativity ,2,l1_data_size,131072B,l1_inst_size,8192B,l1_data_asociativity,4, l1_ist_aso_str,2,cpi_value ,2.062407924
iteration no ,171, l2_data_size,524288,l2_block_size ,64,l1_inst_block_size,64,l1_data_block_size,64,l2_associativity ,2,l1_data_size,131072B,l1_inst_size,8192B,l1_data_asociativity,4, l1_ist_aso_str,4,cpi_value ,2.055882304
iteration no ,172, l2_data_size,524288,l2_block_size ,64,l1_inst_block_size,64,l1_data_block_size,64,l2_associativity ,2,l1_data_size,131072B,l1_inst_size,16384B,l1_data_asociativity,1, l1_ist_aso_str,1,cpi_value ,2.027129372
iteration no ,173, l2_data_size,524288,l2_block_size ,64,l1_inst_block_size,64,l1_data_block_size,64,l2_associativity ,2,l1_data_size,131072B,l1_inst_size,16384B,l1_data_asociativity,1, l1_ist_aso_str,2,cpi_value ,2.0094243880000002
iteration no ,174, l2_data_size,524288,l2_block_size ,64,l1_inst_block_size,64,l1_data_block_size,64,l2_associativity ,2,l1_data_size,131072B,l1_inst_size,16384B,l1_data_asociativity,1, l1_ist_aso_str,4,cpi_value ,2.006601384
iteration no ,175, l2_data_size,524288,l2_block_size ,64,l1_inst_block_size,64,l1_data_block_size,64,l2_associativity ,2,l1_data_size,131072B,l1_inst_size,16384B,l1_data_asociativity,2, l1_ist_aso_str,1,cpi_value ,2.023209364
iteration no ,176, l2_data_size,524288,l2_block_size ,64,l1_inst_block_size,64,l1_data_block_size,64,l2_associativity ,2,l1_data_size,131072B,l1_inst_size,16384B,l1_data_asociativity,2, l1_ist_aso_str,2,cpi_value ,2.00550258
iteration no ,177, l2_data_size,524288,l2_block_size ,64,l1_inst_block_size,64,l1_data_block_size,64,l2_associativity ,2,l1_data_size,131072B,l1_inst_size,16384B,l1_data_asociativity,2, l1_ist_aso_str,4,cpi_value ,2.002721176
iteration no ,178, l2_data_size,524288,l2_block_size ,64,l1_inst_block_size,64,l1_data_block_size,64,l2_associativity ,2,l1_data_size,131072B,l1_inst_size,16384B,l1_data_asociativity,4, l1_ist_aso_str,1,cpi_value ,2.022765648
iteration no ,179, l2_data_size,524288,l2_block_size ,64,l1_inst_block_size,64,l1_data_block_size,64,l2_associativity ,2,l1_data_size,131072B,l1_inst_size,16384B,l1_data_asociativity,4, l1_ist_aso_str,2,cpi_value ,2.005062664
iteration no ,180, l2_data_size,524288,l2_block_size ,64,l1_inst_block_size,64,l1_data_block_size,64,l2_associativity ,2,l1_data_size,131072B,l1_inst_size,16384B,l1_data_asociativity,4, l1_ist_aso_str,4,cpi_value ,2.00228596
iteration no ,181, l2_data_size,524288,l2_block_size ,64,l1_inst_block_size,64,l1_data_block_size,64,l2_associativity ,4,l1_data_size,65536B,l1_inst_size,8192B,l1_data_asociativity,1, l1_ist_aso_str,1,cpi_value ,2.075404676
iteration no ,182, l2_data_size,524288,l2_block_size ,64,l1_inst_block_size,64,l1_data_block_size,64,l2_associativity ,4,l1_data_size,65536B,l1_inst_size,8192B,l1_data_asociativity,1, l1_ist_aso_str,2,cpi_value ,2.068977008
iteration no ,183, l2_data_size,524288,l2_block_size ,64,l1_inst_block_size,64,l1_data_block_size,64,l2_associativity ,4,l1_data_size,65536B,l1_inst_size,8192B,l1_data_asociativity,1, l1_ist_aso_str,4,cpi_value ,2.062452388
iteration no ,184, l2_data_size,524288,l2_block_size ,64,l1_inst_block_size,64,l1_data_block_size,64,l2_associativity ,4,l1_data_size,65536B,l1_inst_size,8192B,l1_data_asociativity,2, l1_ist_aso_str,1,cpi_value ,2.0704453320000002
iteration no ,185, l2_data_size,524288,l2_block_size ,64,l1_inst_block_size,64,l1_data_block_size,64,l2_associativity ,4,l1_data_size,65536B,l1_inst_size,8192B,l1_data_asociativity,2, l1_ist_aso_str,2,cpi_value ,2.064017764
iteration no ,186, l2_data_size,524288,l2_block_size ,64,l1_inst_block_size,64,l1_data_block_size,64,l2_associativity ,4,l1_data_size,65536B,l1_inst_size,8192B,l1_data_asociativity,2, l1_ist_aso_str,4,cpi_value ,2.057493144
iteration no ,187, l2_data_size,524288,l2_block_size ,64,l1_inst_block_size,64,l1_data_block_size,64,l2_associativity ,4,l1_data_size,65536B,l1_inst_size,8192B,l1_data_asociativity,4, l1_ist_aso_str,1,cpi_value ,2.0696185519999997
iteration no ,188, l2_data_size,524288,l2_block_size ,64,l1_inst_block_size,64,l1_data_block_size,64,l2_associativity ,4,l1_data_size,65536B,l1_inst_size,8192B,l1_data_asociativity,4, l1_ist_aso_str,2,cpi_value ,2.063191184
iteration no ,189, l2_data_size,524288,l2_block_size ,64,l1_inst_block_size,64,l1_data_block_size,64,l2_associativity ,4,l1_data_size,65536B,l1_inst_size,8192B,l1_data_asociativity,4, l1_ist_aso_str,4,cpi_value ,2.056666464
iteration no ,190, l2_data_size,524288,l2_block_size ,64,l1_inst_block_size,64,l1_data_block_size,64,l2_associativity ,4,l1_data_size,65536B,l1_inst_size,16384B,l1_data_asociativity,1, l1_ist_aso_str,1,cpi_value ,2.029373432
iteration no ,191, l2_data_size,524288,l2_block_size ,64,l1_inst_block_size,64,l1_data_block_size,64,l2_associativity ,4,l1_data_size,65536B,l1_inst_size,16384B,l1_data_asociativity,1, l1_ist_aso_str,2,cpi_value ,2.011666548
iteration no ,192, l2_data_size,524288,l2_block_size ,64,l1_inst_block_size,64,l1_data_block_size,64,l2_associativity ,4,l1_data_size,65536B,l1_inst_size,16384B,l1_data_asociativity,1, l1_ist_aso_str,4,cpi_value ,2.008889944
iteration no ,193, l2_data_size,524288,l2_block_size ,64,l1_inst_block_size,64,l1_data_block_size,64,l2_associativity ,4,l1_data_size,65536B,l1_inst_size,16384B,l1_data_asociativity,2, l1_ist_aso_str,1,cpi_value ,2.024412088
iteration no ,194, l2_data_size,524288,l2_block_size ,64,l1_inst_block_size,64,l1_data_block_size,64,l2_associativity ,4,l1_data_size,65536B,l1_inst_size,16384B,l1_data_asociativity,2, l1_ist_aso_str,2,cpi_value ,2.006707204
iteration no ,195, l2_data_size,524288,l2_block_size ,64,l1_inst_block_size,64,l1_data_block_size,64,l2_associativity ,4,l1_data_size,65536B,l1_inst_size,16384B,l1_data_asociativity,2, l1_ist_aso_str,4,cpi_value ,2.0039303
iteration no ,196, l2_data_size,524288,l2_block_size ,64,l1_inst_block_size,64,l1_data_block_size,64,l2_associativity ,4,l1_data_size,65536B,l1_inst_size,16384B,l1_data_asociativity,4, l1_ist_aso_str,1,cpi_value ,2.0235876079999997
iteration no ,197, l2_data_size,524288,l2_block_size ,64,l1_inst_block_size,64,l1_data_block_size,64,l2_associativity ,4,l1_data_size,65536B,l1_inst_size,16384B,l1_data_asociativity,4, l1_ist_aso_str,2,cpi_value ,2.0058816239999997
iteration no ,198, l2_data_size,524288,l2_block_size ,64,l1_inst_block_size,64,l1_data_block_size,64,l2_associativity ,4,l1_data_size,65536B,l1_inst_size,16384B,l1_data_asociativity,4, l1_ist_aso_str,4,cpi_value ,2.00310422
iteration no ,199, l2_data_size,524288,l2_block_size ,64,l1_inst_block_size,64,l1_data_block_size,64,l2_associativity ,4,l1_data_size,131072B,l1_inst_size,8192B,l1_data_asociativity,1, l1_ist_aso_str,1,cpi_value ,2.071917016
iteration no ,200, l2_data_size,524288,l2_block_size ,64,l1_inst_block_size,64,l1_data_block_size,64,l2_associativity ,4,l1_data_size,131072B,l1_inst_size,8192B,l1_data_asociativity,1, l1_ist_aso_str,2,cpi_value ,2.065489348
iteration no ,201, l2_data_size,524288,l2_block_size ,64,l1_inst_block_size,64,l1_data_block_size,64,l2_associativity ,4,l1_data_size,131072B,l1_inst_size,8192B,l1_data_asociativity,1, l1_ist_aso_str,4,cpi_value ,2.0589647280000003
iteration no ,202, l2_data_size,524288,l2_block_size ,64,l1_inst_block_size,64,l1_data_block_size,64,l2_associativity ,4,l1_data_size,131072B,l1_inst_size,8192B,l1_data_asociativity,2, l1_ist_aso_str,1,cpi_value ,2.0687085080000003
iteration no ,203, l2_data_size,524288,l2_block_size ,64,l1_inst_block_size,64,l1_data_block_size,64,l2_associativity ,4,l1_data_size,131072B,l1_inst_size,8192B,l1_data_asociativity,2, l1_ist_aso_str,2,cpi_value ,2.0622810400000002
iteration no ,204, l2_data_size,524288,l2_block_size ,64,l1_inst_block_size,64,l1_data_block_size,64,l2_associativity ,4,l1_data_size,131072B,l1_inst_size,8192B,l1_data_asociativity,2, l1_ist_aso_str,4,cpi_value ,2.05575652
iteration no ,205, l2_data_size,524288,l2_block_size ,64,l1_inst_block_size,64,l1_data_block_size,64,l2_associativity ,4,l1_data_size,131072B,l1_inst_size,8192B,l1_data_asociativity,4, l1_ist_aso_str,1,cpi_value ,2.068416392
iteration no ,206, l2_data_size,524288,l2_block_size ,64,l1_inst_block_size,64,l1_data_block_size,64,l2_associativity ,4,l1_data_size,131072B,l1_inst_size,8192B,l1_data_asociativity,4, l1_ist_aso_str,2,cpi_value ,2.061988424
iteration no ,207, l2_data_size,524288,l2_block_size ,64,l1_inst_block_size,64,l1_data_block_size,64,l2_associativity ,4,l1_data_size,131072B,l1_inst_size,8192B,l1_data_asociativity,4, l1_ist_aso_str,4,cpi_value ,2.055463804
iteration no ,208, l2_data_size,524288,l2_block_size ,64,l1_inst_block_size,64,l1_data_block_size,64,l2_associativity ,4,l1_data_size,131072B,l1_inst_size,16384B,l1_data_asociativity,1, l1_ist_aso_str,1,cpi_value ,2.025884572
iteration no ,209, l2_data_size,524288,l2_block_size ,64,l1_inst_block_size,64,l1_data_block_size,64,l2_associativity ,4,l1_data_size,131072B,l1_inst_size,16384B,l1_data_asociativity,1, l1_ist_aso_str,2,cpi_value ,2.008178688
iteration no ,210, l2_data_size,524288,l2_block_size ,64,l1_inst_block_size,64,l1_data_block_size,64,l2_associativity ,4,l1_data_size,131072B,l1_inst_size,16384B,l1_data_asociativity,1, l1_ist_aso_str,4,cpi_value ,2.0054018840000003
iteration no ,211, l2_data_size,524288,l2_block_size ,64,l1_inst_block_size,64,l1_data_block_size,64,l2_associativity ,4,l1_data_size,131072B,l1_inst_size,16384B,l1_data_asociativity,2, l1_ist_aso_str,1,cpi_value ,2.022675064
iteration no ,212, l2_data_size,524288,l2_block_size ,64,l1_inst_block_size,64,l1_data_block_size,64,l2_associativity ,4,l1_data_size,131072B,l1_inst_size,16384B,l1_data_asociativity,2, l1_ist_aso_str,2,cpi_value ,2.0049697799999997
iteration no ,213, l2_data_size,524288,l2_block_size ,64,l1_inst_block_size,64,l1_data_block_size,64,l2_associativity ,4,l1_data_size,131072B,l1_inst_size,16384B,l1_data_asociativity,2, l1_ist_aso_str,4,cpi_value ,2.002193276
iteration no ,214, l2_data_size,524288,l2_block_size ,64,l1_inst_block_size,64,l1_data_block_size,64,l2_associativity ,4,l1_data_size,131072B,l1_inst_size,16384B,l1_data_asociativity,4, l1_ist_aso_str,1,cpi_value ,2.022386348
iteration no ,215, l2_data_size,524288,l2_block_size ,64,l1_inst_block_size,64,l1_data_block_size,64,l2_associativity ,4,l1_data_size,131072B,l1_inst_size,16384B,l1_data_asociativity,4, l1_ist_aso_str,2,cpi_value ,2.004678664
iteration no ,216, l2_data_size,524288,l2_block_size ,64,l1_inst_block_size,64,l1_data_block_size,64,l2_associativity ,4,l1_data_size,131072B,l1_inst_size,16384B,l1_data_asociativity,4, l1_ist_aso_str,4,cpi_value ,2.0019015600000003
iteration no ,217, l2_data_size,1048576,l2_block_size ,32,l1_inst_block_size,32,l1_data_block_size,32,l2_associativity ,1,l1_data_size,65536B,l1_inst_size,8192B,l1_data_asociativity,1, l1_ist_aso_str,1,cpi_value ,3.069728608
iteration no ,218, l2_data_size,1048576,l2_block_size ,32,l1_inst_block_size,32,l1_data_block_size,32,l2_associativity ,1,l1_data_size,65536B,l1_inst_size,8192B,l1_data_asociativity,1, l1_ist_aso_str,2,cpi_value ,3.061596816
iteration no ,219, l2_data_size,1048576,l2_block_size ,32,l1_inst_block_size,32,l1_data_block_size,32,l2_associativity ,1,l1_data_size,65536B,l1_inst_size,8192B,l1_data_asociativity,1, l1_ist_aso_str,4,cpi_value ,3.055875696
iteration no ,220, l2_data_size,1048576,l2_block_size ,32,l1_inst_block_size,32,l1_data_block_size,32,l2_associativity ,1,l1_data_size,65536B,l1_inst_size,8192B,l1_data_asociativity,2, l1_ist_aso_str,1,cpi_value ,3.064161556
iteration no ,221, l2_data_size,1048576,l2_block_size ,32,l1_inst_block_size,32,l1_data_block_size,32,l2_associativity ,1,l1_data_size,65536B,l1_inst_size,8192B,l1_data_asociativity,2, l1_ist_aso_str,2,cpi_value ,3.056034264
iteration no ,222, l2_data_size,1048576,l2_block_size ,32,l1_inst_block_size,32,l1_data_block_size,32,l2_associativity ,1,l1_data_size,65536B,l1_inst_size,8192B,l1_data_asociativity,2, l1_ist_aso_str,4,cpi_value ,3.050321344
iteration no ,223, l2_data_size,1048576,l2_block_size ,32,l1_inst_block_size,32,l1_data_block_size,32,l2_associativity ,1,l1_data_size,65536B,l1_inst_size,8192B,l1_data_asociativity,4, l1_ist_aso_str,1,cpi_value ,3.063172316
iteration no ,224, l2_data_size,1048576,l2_block_size ,32,l1_inst_block_size,32,l1_data_block_size,32,l2_associativity ,1,l1_data_size,65536B,l1_inst_size,8192B,l1_data_asociativity,4, l1_ist_aso_str,2,cpi_value ,3.055037724
iteration no ,225, l2_data_size,1048576,l2_block_size ,32,l1_inst_block_size,32,l1_data_block_size,32,l2_associativity ,1,l1_data_size,65536B,l1_inst_size,8192B,l1_data_asociativity,4, l1_ist_aso_str,4,cpi_value ,3.049323704
iteration no ,226, l2_data_size,1048576,l2_block_size ,32,l1_inst_block_size,32,l1_data_block_size,32,l2_associativity ,1,l1_data_size,65536B,l1_inst_size,16384B,l1_data_asociativity,1, l1_ist_aso_str,1,cpi_value ,3.000392088
iteration no ,227, l2_data_size,1048576,l2_block_size ,32,l1_inst_block_size,32,l1_data_block_size,32,l2_associativity ,1,l1_data_size,65536B,l1_inst_size,16384B,l1_data_asociativity,1, l1_ist_aso_str,2,cpi_value ,2.968537864
iteration no ,228, l2_data_size,1048576,l2_block_size ,32,l1_inst_block_size,32,l1_data_block_size,32,l2_associativity ,1,l1_data_size,65536B,l1_inst_size,16384B,l1_data_asociativity,1, l1_ist_aso_str,4,cpi_value ,2.963304164
iteration no ,229, l2_data_size,1048576,l2_block_size ,32,l1_inst_block_size,32,l1_data_block_size,32,l2_associativity ,1,l1_data_size,65536B,l1_inst_size,16384B,l1_data_asociativity,2, l1_ist_aso_str,1,cpi_value ,2.994835536
iteration no ,230, l2_data_size,1048576,l2_block_size ,32,l1_inst_block_size,32,l1_data_block_size,32,l2_associativity ,1,l1_data_size,65536B,l1_inst_size,16384B,l1_data_asociativity,2, l1_ist_aso_str,2,cpi_value ,2.963024612
iteration no ,231, l2_data_size,1048576,l2_block_size ,32,l1_inst_block_size,32,l1_data_block_size,32,l2_associativity ,1,l1_data_size,65536B,l1_inst_size,16384B,l1_data_asociativity,2, l1_ist_aso_str,4,cpi_value ,2.957830212
iteration no ,232, l2_data_size,1048576,l2_block_size ,32,l1_inst_block_size,32,l1_data_block_size,32,l2_associativity ,1,l1_data_size,65536B,l1_inst_size,16384B,l1_data_asociativity,4, l1_ist_aso_str,1,cpi_value ,2.993862696
iteration no ,233, l2_data_size,1048576,l2_block_size ,32,l1_inst_block_size,32,l1_data_block_size,32,l2_associativity ,1,l1_data_size,65536B,l1_inst_size,16384B,l1_data_asociativity,4, l1_ist_aso_str,2,cpi_value ,2.962053172
iteration no ,234, l2_data_size,1048576,l2_block_size ,32,l1_inst_block_size,32,l1_data_block_size,32,l2_associativity ,1,l1_data_size,65536B,l1_inst_size,16384B,l1_data_asociativity,4, l1_ist_aso_str,4,cpi_value ,2.956867672
iteration no ,235, l2_data_size,1048576,l2_block_size ,32,l1_inst_block_size,32,l1_data_block_size,32,l2_associativity ,1,l1_data_size,131072B,l1_inst_size,8192B,l1_data_asociativity,1, l1_ist_aso_str,1,cpi_value ,3.06586278
iteration no ,236, l2_data_size,1048576,l2_block_size ,32,l1_inst_block_size,32,l1_data_block_size,32,l2_associativity ,1,l1_data_size,131072B,l1_inst_size,8192B,l1_data_asociativity,1, l1_ist_aso_str,2,cpi_value ,3.057729188
iteration no ,237, l2_data_size,1048576,l2_block_size ,32,l1_inst_block_size,32,l1_data_block_size,32,l2_associativity ,1,l1_data_size,131072B,l1_inst_size,8192B,l1_data_asociativity,1, l1_ist_aso_str,4,cpi_value ,3.052014068
iteration no ,238, l2_data_size,1048576,l2_block_size ,32,l1_inst_block_size,32,l1_data_block_size,32,l2_associativity ,1,l1_data_size,131072B,l1_inst_size,8192B,l1_data_asociativity,2, l1_ist_aso_str,1,cpi_value ,3.061524472
iteration no ,239, l2_data_size,1048576,l2_block_size ,32,l1_inst_block_size,32,l1_data_block_size,32,l2_associativity ,1,l1_data_size,131072B,l1_inst_size,8192B,l1_data_asociativity,2, l1_ist_aso_str,2,cpi_value ,3.05338698
iteration no ,240, l2_data_size,1048576,l2_block_size ,32,l1_inst_block_size,32,l1_data_block_size,32,l2_associativity ,1,l1_data_size,131072B,l1_inst_size,8192B,l1_data_asociativity,2, l1_ist_aso_str,4,cpi_value ,3.04767506
iteration no ,241, l2_data_size,1048576,l2_block_size ,32,l1_inst_block_size,32,l1_data_block_size,32,l2_associativity ,1,l1_data_size,131072B,l1_inst_size,8192B,l1_data_asociativity,4, l1_ist_aso_str,1,cpi_value ,3.061201424
iteration no ,242, l2_data_size,1048576,l2_block_size ,32,l1_inst_block_size,32,l1_data_block_size,32,l2_associativity ,1,l1_data_size,131072B,l1_inst_size,8192B,l1_data_asociativity,4, l1_ist_aso_str,2,cpi_value ,3.053067132
iteration no ,243, l2_data_size,1048576,l2_block_size ,32,l1_inst_block_size,32,l1_data_block_size,32,l2_associativity ,1,l1_data_size,131072B,l1_inst_size,8192B,l1_data_asociativity,4, l1_ist_aso_str,4,cpi_value ,3.047354012
iteration no ,244, l2_data_size,1048576,l2_block_size ,32,l1_inst_block_size,32,l1_data_block_size,32,l2_associativity ,1,l1_data_size,131072B,l1_inst_size,16384B,l1_data_asociativity,1, l1_ist_aso_str,1,cpi_value ,2.9965440599999997
iteration no ,245, l2_data_size,1048576,l2_block_size ,32,l1_inst_block_size,32,l1_data_block_size,32,l2_associativity ,1,l1_data_size,131072B,l1_inst_size,16384B,l1_data_asociativity,1, l1_ist_aso_str,2,cpi_value ,2.964700036
iteration no ,246, l2_data_size,1048576,l2_block_size ,32,l1_inst_block_size,32,l1_data_block_size,32,l2_associativity ,1,l1_data_size,131072B,l1_inst_size,16384B,l1_data_asociativity,1, l1_ist_aso_str,4,cpi_value ,2.959468636
iteration no ,247, l2_data_size,1048576,l2_block_size ,32,l1_inst_block_size,32,l1_data_block_size,32,l2_associativity ,1,l1_data_size,131072B,l1_inst_size,16384B,l1_data_asociativity,2, l1_ist_aso_str,1,cpi_value ,2.992223752
iteration no ,248, l2_data_size,1048576,l2_block_size ,32,l1_inst_block_size,32,l1_data_block_size,32,l2_associativity ,1,l1_data_size,131072B,l1_inst_size,16384B,l1_data_asociativity,2, l1_ist_aso_str,2,cpi_value ,2.960428228
iteration no ,249, l2_data_size,1048576,l2_block_size ,32,l1_inst_block_size,32,l1_data_block_size,32,l2_associativity ,1,l1_data_size,131072B,l1_inst_size,16384B,l1_data_asociativity,2, l1_ist_aso_str,4,cpi_value ,2.955247328
iteration no ,250, l2_data_size,1048576,l2_block_size ,32,l1_inst_block_size,32,l1_data_block_size,32,l2_associativity ,1,l1_data_size,131072B,l1_inst_size,16384B,l1_data_asociativity,4, l1_ist_aso_str,1,cpi_value ,2.9918996040000003
iteration no ,251, l2_data_size,1048576,l2_block_size ,32,l1_inst_block_size,32,l1_data_block_size,32,l2_associativity ,1,l1_data_size,131072B,l1_inst_size,16384B,l1_data_asociativity,4, l1_ist_aso_str,2,cpi_value ,2.96010208
iteration no ,252, l2_data_size,1048576,l2_block_size ,32,l1_inst_block_size,32,l1_data_block_size,32,l2_associativity ,1,l1_data_size,131072B,l1_inst_size,16384B,l1_data_asociativity,4, l1_ist_aso_str,4,cpi_value ,2.9549274800000003
iteration no ,253, l2_data_size,1048576,l2_block_size ,32,l1_inst_block_size,32,l1_data_block_size,32,l2_associativity ,2,l1_data_size,65536B,l1_inst_size,8192B,l1_data_asociativity,1, l1_ist_aso_str,1,cpi_value ,3.066426308
iteration no ,254, l2_data_size,1048576,l2_block_size ,32,l1_inst_block_size,32,l1_data_block_size,32,l2_associativity ,2,l1_data_size,65536B,l1_inst_size,8192B,l1_data_asociativity,1, l1_ist_aso_str,2,cpi_value ,3.058289016
iteration no ,255, l2_data_size,1048576,l2_block_size ,32,l1_inst_block_size,32,l1_data_block_size,32,l2_associativity ,2,l1_data_size,65536B,l1_inst_size,8192B,l1_data_asociativity,1, l1_ist_aso_str,4,cpi_value ,3.052577996
iteration no ,256, l2_data_size,1048576,l2_block_size ,32,l1_inst_block_size,32,l1_data_block_size,32,l2_associativity ,2,l1_data_size,65536B,l1_inst_size,8192B,l1_data_asociativity,2, l1_ist_aso_str,1,cpi_value ,3.062227956
iteration no ,257, l2_data_size,1048576,l2_block_size ,32,l1_inst_block_size,32,l1_data_block_size,32,l2_associativity ,2,l1_data_size,65536B,l1_inst_size,8192B,l1_data_asociativity,2, l1_ist_aso_str,2,cpi_value ,3.054090664
iteration no ,258, l2_data_size,1048576,l2_block_size ,32,l1_inst_block_size,32,l1_data_block_size,32,l2_associativity ,2,l1_data_size,65536B,l1_inst_size,8192B,l1_data_asociativity,2, l1_ist_aso_str,4,cpi_value ,3.048379944
iteration no ,259, l2_data_size,1048576,l2_block_size ,32,l1_inst_block_size,32,l1_data_block_size,32,l2_associativity ,2,l1_data_size,65536B,l1_inst_size,8192B,l1_data_asociativity,4, l1_ist_aso_str,1,cpi_value ,3.061580516
iteration no ,260, l2_data_size,1048576,l2_block_size ,32,l1_inst_block_size,32,l1_data_block_size,32,l2_associativity ,2,l1_data_size,65536B,l1_inst_size,8192B,l1_data_asociativity,4, l1_ist_aso_str,2,cpi_value ,3.053443824
iteration no ,261, l2_data_size,1048576,l2_block_size ,32,l1_inst_block_size,32,l1_data_block_size,32,l2_associativity ,2,l1_data_size,65536B,l1_inst_size,8192B,l1_data_asociativity,4, l1_ist_aso_str,4,cpi_value ,3.047733504
iteration no ,262, l2_data_size,1048576,l2_block_size ,32,l1_inst_block_size,32,l1_data_block_size,32,l2_associativity ,2,l1_data_size,65536B,l1_inst_size,16384B,l1_data_asociativity,1, l1_ist_aso_str,1,cpi_value ,2.997247788
iteration no ,263, l2_data_size,1048576,l2_block_size ,32,l1_inst_block_size,32,l1_data_block_size,32,l2_associativity ,2,l1_data_size,65536B,l1_inst_size,16384B,l1_data_asociativity,1, l1_ist_aso_str,2,cpi_value ,2.9654496640000003
iteration no ,264, l2_data_size,1048576,l2_block_size ,32,l1_inst_block_size,32,l1_data_block_size,32,l2_associativity ,2,l1_data_size,65536B,l1_inst_size,16384B,l1_data_asociativity,1, l1_ist_aso_str,4,cpi_value ,2.960279264
iteration no ,265, l2_data_size,1048576,l2_block_size ,32,l1_inst_block_size,32,l1_data_block_size,32,l2_associativity ,2,l1_data_size,65536B,l1_inst_size,16384B,l1_data_asociativity,2, l1_ist_aso_str,1,cpi_value ,2.993054236
iteration no ,266, l2_data_size,1048576,l2_block_size ,32,l1_inst_block_size,32,l1_data_block_size,32,l2_associativity ,2,l1_data_size,65536B,l1_inst_size,16384B,l1_data_asociativity,2, l1_ist_aso_str,2,cpi_value ,2.961256912
iteration no ,267, l2_data_size,1048576,l2_block_size ,32,l1_inst_block_size,32,l1_data_block_size,32,l2_associativity ,2,l1_data_size,65536B,l1_inst_size,16384B,l1_data_asociativity,2, l1_ist_aso_str,4,cpi_value ,2.956087712
iteration no ,268, l2_data_size,1048576,l2_block_size ,32,l1_inst_block_size,32,l1_data_block_size,32,l2_associativity ,2,l1_data_size,65536B,l1_inst_size,16384B,l1_data_asociativity,4, l1_ist_aso_str,1,cpi_value ,2.992408496
iteration no ,269, l2_data_size,1048576,l2_block_size ,32,l1_inst_block_size,32,l1_data_block_size,32,l2_associativity ,2,l1_data_size,65536B,l1_inst_size,16384B,l1_data_asociativity,4, l1_ist_aso_str,2,cpi_value ,2.960611472
iteration no ,270, l2_data_size,1048576,l2_block_size ,32,l1_inst_block_size,32,l1_data_block_size,32,l2_associativity ,2,l1_data_size,65536B,l1_inst_size,16384B,l1_data_asociativity,4, l1_ist_aso_str,4,cpi_value ,2.955442872
iteration no ,271, l2_data_size,1048576,l2_block_size ,32,l1_inst_block_size,32,l1_data_block_size,32,l2_associativity ,2,l1_data_size,131072B,l1_inst_size,8192B,l1_data_asociativity,1, l1_ist_aso_str,1,cpi_value ,3.06313698
iteration no ,272, l2_data_size,1048576,l2_block_size ,32,l1_inst_block_size,32,l1_data_block_size,32,l2_associativity ,2,l1_data_size,131072B,l1_inst_size,8192B,l1_data_asociativity,1, l1_ist_aso_str,2,cpi_value ,3.054998888
iteration no ,273, l2_data_size,1048576,l2_block_size ,32,l1_inst_block_size,32,l1_data_block_size,32,l2_associativity ,2,l1_data_size,131072B,l1_inst_size,8192B,l1_data_asociativity,1, l1_ist_aso_str,4,cpi_value ,3.049288568
iteration no ,274, l2_data_size,1048576,l2_block_size ,32,l1_inst_block_size,32,l1_data_block_size,32,l2_associativity ,2,l1_data_size,131072B,l1_inst_size,8192B,l1_data_asociativity,2, l1_ist_aso_str,1,cpi_value ,3.060493072
iteration no ,275, l2_data_size,1048576,l2_block_size ,32,l1_inst_block_size,32,l1_data_block_size,32,l2_associativity ,2,l1_data_size,131072B,l1_inst_size,8192B,l1_data_asociativity,2, l1_ist_aso_str,2,cpi_value ,3.05235628
iteration no ,276, l2_data_size,1048576,l2_block_size ,32,l1_inst_block_size,32,l1_data_block_size,32,l2_associativity ,2,l1_data_size,131072B,l1_inst_size,8192B,l1_data_asociativity,2, l1_ist_aso_str,4,cpi_value ,3.04664526
iteration no ,277, l2_data_size,1048576,l2_block_size ,32,l1_inst_block_size,32,l1_data_block_size,32,l2_associativity ,2,l1_data_size,131072B,l1_inst_size,8192B,l1_data_asociativity,4, l1_ist_aso_str,1,cpi_value ,3.060277124
iteration no ,278, l2_data_size,1048576,l2_block_size ,32,l1_inst_block_size,32,l1_data_block_size,32,l2_associativity ,2,l1_data_size,131072B,l1_inst_size,8192B,l1_data_asociativity,4, l1_ist_aso_str,2,cpi_value ,3.052139132
iteration no ,279, l2_data_size,1048576,l2_block_size ,32,l1_inst_block_size,32,l1_data_block_size,32,l2_associativity ,2,l1_data_size,131072B,l1_inst_size,8192B,l1_data_asociativity,4, l1_ist_aso_str,4,cpi_value ,3.046429312
iteration no ,280, l2_data_size,1048576,l2_block_size ,32,l1_inst_block_size,32,l1_data_block_size,32,l2_associativity ,2,l1_data_size,131072B,l1_inst_size,16384B,l1_data_asociativity,1, l1_ist_aso_str,1,cpi_value ,2.99394996
iteration no ,281, l2_data_size,1048576,l2_block_size ,32,l1_inst_block_size,32,l1_data_block_size,32,l2_associativity ,2,l1_data_size,131072B,l1_inst_size,16384B,l1_data_asociativity,1, l1_ist_aso_str,2,cpi_value ,2.9621480360000003
iteration no ,282, l2_data_size,1048576,l2_block_size ,32,l1_inst_block_size,32,l1_data_block_size,32,l2_associativity ,2,l1_data_size,131072B,l1_inst_size,16384B,l1_data_asociativity,1, l1_ist_aso_str,4,cpi_value ,2.9569764359999997
iteration no ,283, l2_data_size,1048576,l2_block_size ,32,l1_inst_block_size,32,l1_data_block_size,32,l2_associativity ,2,l1_data_size,131072B,l1_inst_size,16384B,l1_data_asociativity,2, l1_ist_aso_str,1,cpi_value ,2.991314152
iteration no ,284, l2_data_size,1048576,l2_block_size ,32,l1_inst_block_size,32,l1_data_block_size,32,l2_associativity ,2,l1_data_size,131072B,l1_inst_size,16384B,l1_data_asociativity,2, l1_ist_aso_str,2,cpi_value ,2.959514928
iteration no ,285, l2_data_size,1048576,l2_block_size ,32,l1_inst_block_size,32,l1_data_block_size,32,l2_associativity ,2,l1_data_size,131072B,l1_inst_size,16384B,l1_data_asociativity,2, l1_ist_aso_str,4,cpi_value ,2.954344828
iteration no ,286, l2_data_size,1048576,l2_block_size ,32,l1_inst_block_size,32,l1_data_block_size,32,l2_associativity ,2,l1_data_size,131072B,l1_inst_size,16384B,l1_data_asociativity,4, l1_ist_aso_str,1,cpi_value ,2.9911027040000002
iteration no ,287, l2_data_size,1048576,l2_block_size ,32,l1_inst_block_size,32,l1_data_block_size,32,l2_associativity ,2,l1_data_size,131072B,l1_inst_size,16384B,l1_data_asociativity,4, l1_ist_aso_str,2,cpi_value ,2.9593033799999997
iteration no ,288, l2_data_size,1048576,l2_block_size ,32,l1_inst_block_size,32,l1_data_block_size,32,l2_associativity ,2,l1_data_size,131072B,l1_inst_size,16384B,l1_data_asociativity,4, l1_ist_aso_str,4,cpi_value ,2.95413468
iteration no ,289, l2_data_size,1048576,l2_block_size ,32,l1_inst_block_size,32,l1_data_block_size,32,l2_associativity ,4,l1_data_size,65536B,l1_inst_size,8192B,l1_data_asociativity,1, l1_ist_aso_str,1,cpi_value ,3.066156508
iteration no ,290, l2_data_size,1048576,l2_block_size ,32,l1_inst_block_size,32,l1_data_block_size,32,l2_associativity ,4,l1_data_size,65536B,l1_inst_size,8192B,l1_data_asociativity,1, l1_ist_aso_str,2,cpi_value ,3.058019516
iteration no ,291, l2_data_size,1048576,l2_block_size ,32,l1_inst_block_size,32,l1_data_block_size,32,l2_associativity ,4,l1_data_size,65536B,l1_inst_size,8192B,l1_data_asociativity,1, l1_ist_aso_str,4,cpi_value ,3.052308996
iteration no ,292, l2_data_size,1048576,l2_block_size ,32,l1_inst_block_size,32,l1_data_block_size,32,l2_associativity ,4,l1_data_size,65536B,l1_inst_size,8192B,l1_data_asociativity,2, l1_ist_aso_str,1,cpi_value ,3.061999056
iteration no ,293, l2_data_size,1048576,l2_block_size ,32,l1_inst_block_size,32,l1_data_block_size,32,l2_associativity ,4,l1_data_size,65536B,l1_inst_size,8192B,l1_data_asociativity,2, l1_ist_aso_str,2,cpi_value ,3.053862064
iteration no ,294, l2_data_size,1048576,l2_block_size ,32,l1_inst_block_size,32,l1_data_block_size,32,l2_associativity ,4,l1_data_size,65536B,l1_inst_size,8192B,l1_data_asociativity,2, l1_ist_aso_str,4,cpi_value ,3.048151444
iteration no ,295, l2_data_size,1048576,l2_block_size ,32,l1_inst_block_size,32,l1_data_block_size,32,l2_associativity ,4,l1_data_size,65536B,l1_inst_size,8192B,l1_data_asociativity,4, l1_ist_aso_str,1,cpi_value ,3.061371316
iteration no ,296, l2_data_size,1048576,l2_block_size ,32,l1_inst_block_size,32,l1_data_block_size,32,l2_associativity ,4,l1_data_size,65536B,l1_inst_size,8192B,l1_data_asociativity,4, l1_ist_aso_str,2,cpi_value ,3.053234324
iteration no ,297, l2_data_size,1048576,l2_block_size ,32,l1_inst_block_size,32,l1_data_block_size,32,l2_associativity ,4,l1_data_size,65536B,l1_inst_size,8192B,l1_data_asociativity,4, l1_ist_aso_str,4,cpi_value ,3.047523804
iteration no ,298, l2_data_size,1048576,l2_block_size ,32,l1_inst_block_size,32,l1_data_block_size,32,l2_associativity ,4,l1_data_size,65536B,l1_inst_size,16384B,l1_data_asociativity,1, l1_ist_aso_str,1,cpi_value ,2.996987088
iteration no ,299, l2_data_size,1048576,l2_block_size ,32,l1_inst_block_size,32,l1_data_block_size,32,l2_associativity ,4,l1_data_size,65536B,l1_inst_size,16384B,l1_data_asociativity,1, l1_ist_aso_str,2,cpi_value ,2.965190864
iteration no ,300, l2_data_size,1048576,l2_block_size ,32,l1_inst_block_size,32,l1_data_block_size,32,l2_associativity ,4,l1_data_size,65536B,l1_inst_size,16384B,l1_data_asociativity,1, l1_ist_aso_str,4,cpi_value ,2.960021964
iteration no ,301, l2_data_size,1048576,l2_block_size ,32,l1_inst_block_size,32,l1_data_block_size,32,l2_associativity ,4,l1_data_size,65536B,l1_inst_size,16384B,l1_data_asociativity,2, l1_ist_aso_str,1,cpi_value ,2.992829536
iteration no ,302, l2_data_size,1048576,l2_block_size ,32,l1_inst_block_size,32,l1_data_block_size,32,l2_associativity ,4,l1_data_size,65536B,l1_inst_size,16384B,l1_data_asociativity,2, l1_ist_aso_str,2,cpi_value ,2.961033512
iteration no ,303, l2_data_size,1048576,l2_block_size ,32,l1_inst_block_size,32,l1_data_block_size,32,l2_associativity ,4,l1_data_size,65536B,l1_inst_size,16384B,l1_data_asociativity,2, l1_ist_aso_str,4,cpi_value ,2.9558645119999998
iteration no ,304, l2_data_size,1048576,l2_block_size ,32,l1_inst_block_size,32,l1_data_block_size,32,l2_associativity ,4,l1_data_size,65536B,l1_inst_size,16384B,l1_data_asociativity,4, l1_ist_aso_str,1,cpi_value ,2.992201896
iteration no ,305, l2_data_size,1048576,l2_block_size ,32,l1_inst_block_size,32,l1_data_block_size,32,l2_associativity ,4,l1_data_size,65536B,l1_inst_size,16384B,l1_data_asociativity,4, l1_ist_aso_str,2,cpi_value ,2.9604056720000003
iteration no ,306, l2_data_size,1048576,l2_block_size ,32,l1_inst_block_size,32,l1_data_block_size,32,l2_associativity ,4,l1_data_size,65536B,l1_inst_size,16384B,l1_data_asociativity,4, l1_ist_aso_str,4,cpi_value ,2.955236772
iteration no ,307, l2_data_size,1048576,l2_block_size ,32,l1_inst_block_size,32,l1_data_block_size,32,l2_associativity ,4,l1_data_size,131072B,l1_inst_size,8192B,l1_data_asociativity,1, l1_ist_aso_str,1,cpi_value ,3.06279428
iteration no ,308, l2_data_size,1048576,l2_block_size ,32,l1_inst_block_size,32,l1_data_block_size,32,l2_associativity ,4,l1_data_size,131072B,l1_inst_size,8192B,l1_data_asociativity,1, l1_ist_aso_str,2,cpi_value ,3.054657288
iteration no ,309, l2_data_size,1048576,l2_block_size ,32,l1_inst_block_size,32,l1_data_block_size,32,l2_associativity ,4,l1_data_size,131072B,l1_inst_size,8192B,l1_data_asociativity,1, l1_ist_aso_str,4,cpi_value ,3.048946768
iteration no ,310, l2_data_size,1048576,l2_block_size ,32,l1_inst_block_size,32,l1_data_block_size,32,l2_associativity ,4,l1_data_size,131072B,l1_inst_size,8192B,l1_data_asociativity,2, l1_ist_aso_str,1,cpi_value ,3.060261872
iteration no ,311, l2_data_size,1048576,l2_block_size ,32,l1_inst_block_size,32,l1_data_block_size,32,l2_associativity ,4,l1_data_size,131072B,l1_inst_size,8192B,l1_data_asociativity,2, l1_ist_aso_str,2,cpi_value ,3.05212478
iteration no ,312, l2_data_size,1048576,l2_block_size ,32,l1_inst_block_size,32,l1_data_block_size,32,l2_associativity ,4,l1_data_size,131072B,l1_inst_size,8192B,l1_data_asociativity,2, l1_ist_aso_str,4,cpi_value ,3.04641426
iteration no ,313, l2_data_size,1048576,l2_block_size ,32,l1_inst_block_size,32,l1_data_block_size,32,l2_associativity ,4,l1_data_size,131072B,l1_inst_size,8192B,l1_data_asociativity,4, l1_ist_aso_str,1,cpi_value ,3.060083724
iteration no ,314, l2_data_size,1048576,l2_block_size ,32,l1_inst_block_size,32,l1_data_block_size,32,l2_associativity ,4,l1_data_size,131072B,l1_inst_size,8192B,l1_data_asociativity,4, l1_ist_aso_str,2,cpi_value ,3.051946432
iteration no ,315, l2_data_size,1048576,l2_block_size ,32,l1_inst_block_size,32,l1_data_block_size,32,l2_associativity ,4,l1_data_size,131072B,l1_inst_size,8192B,l1_data_asociativity,4, l1_ist_aso_str,4,cpi_value ,3.046236012
iteration no ,316, l2_data_size,1048576,l2_block_size ,32,l1_inst_block_size,32,l1_data_block_size,32,l2_associativity ,4,l1_data_size,131072B,l1_inst_size,16384B,l1_data_asociativity,1, l1_ist_aso_str,1,cpi_value ,2.99362446
iteration no ,317, l2_data_size,1048576,l2_block_size ,32,l1_inst_block_size,32,l1_data_block_size,32,l2_associativity ,4,l1_data_size,131072B,l1_inst_size,16384B,l1_data_asociativity,1, l1_ist_aso_str,2,cpi_value ,2.961828536
iteration no ,318, l2_data_size,1048576,l2_block_size ,32,l1_inst_block_size,32,l1_data_block_size,32,l2_associativity ,4,l1_data_size,131072B,l1_inst_size,16384B,l1_data_asociativity,1, l1_ist_aso_str,4,cpi_value ,2.956659436
iteration no ,319, l2_data_size,1048576,l2_block_size ,32,l1_inst_block_size,32,l1_data_block_size,32,l2_associativity ,4,l1_data_size,131072B,l1_inst_size,16384B,l1_data_asociativity,2, l1_ist_aso_str,1,cpi_value ,2.9910918520000003
iteration no ,320, l2_data_size,1048576,l2_block_size ,32,l1_inst_block_size,32,l1_data_block_size,32,l2_associativity ,4,l1_data_size,131072B,l1_inst_size,16384B,l1_data_asociativity,2, l1_ist_aso_str,2,cpi_value ,2.959296028
iteration no ,321, l2_data_size,1048576,l2_block_size ,32,l1_inst_block_size,32,l1_data_block_size,32,l2_associativity ,4,l1_data_size,131072B,l1_inst_size,16384B,l1_data_asociativity,2, l1_ist_aso_str,4,cpi_value ,2.9541268279999997
iteration no ,322, l2_data_size,1048576,l2_block_size ,32,l1_inst_block_size,32,l1_data_block_size,32,l2_associativity ,4,l1_data_size,131072B,l1_inst_size,16384B,l1_data_asociativity,4, l1_ist_aso_str,1,cpi_value ,2.990914004
iteration no ,323, l2_data_size,1048576,l2_block_size ,32,l1_inst_block_size,32,l1_data_block_size,32,l2_associativity ,4,l1_data_size,131072B,l1_inst_size,16384B,l1_data_asociativity,4, l1_ist_aso_str,2,cpi_value ,2.9591177799999997
iteration no ,324, l2_data_size,1048576,l2_block_size ,32,l1_inst_block_size,32,l1_data_block_size,32,l2_associativity ,4,l1_data_size,131072B,l1_inst_size,16384B,l1_data_asociativity,4, l1_ist_aso_str,4,cpi_value ,2.95394858
iteration no ,325, l2_data_size,1048576,l2_block_size ,64,l1_inst_block_size,64,l1_data_block_size,64,l2_associativity ,1,l1_data_size,65536B,l1_inst_size,8192B,l1_data_asociativity,1, l1_ist_aso_str,1,cpi_value ,2.078670076
iteration no ,326, l2_data_size,1048576,l2_block_size ,64,l1_inst_block_size,64,l1_data_block_size,64,l2_associativity ,1,l1_data_size,65536B,l1_inst_size,8192B,l1_data_asociativity,1, l1_ist_aso_str,2,cpi_value ,2.072252008
iteration no ,327, l2_data_size,1048576,l2_block_size ,64,l1_inst_block_size,64,l1_data_block_size,64,l2_associativity ,1,l1_data_size,65536B,l1_inst_size,8192B,l1_data_asociativity,1, l1_ist_aso_str,4,cpi_value ,2.065701588
iteration no ,328, l2_data_size,1048576,l2_block_size ,64,l1_inst_block_size,64,l1_data_block_size,64,l2_associativity ,1,l1_data_size,65536B,l1_inst_size,8192B,l1_data_asociativity,2, l1_ist_aso_str,1,cpi_value ,2.0720134320000003
iteration no ,329, l2_data_size,1048576,l2_block_size ,64,l1_inst_block_size,64,l1_data_block_size,64,l2_associativity ,1,l1_data_size,65536B,l1_inst_size,8192B,l1_data_asociativity,2, l1_ist_aso_str,2,cpi_value ,2.065586964
iteration no ,330, l2_data_size,1048576,l2_block_size ,64,l1_inst_block_size,64,l1_data_block_size,64,l2_associativity ,1,l1_data_size,65536B,l1_inst_size,8192B,l1_data_asociativity,2, l1_ist_aso_str,4,cpi_value ,2.059087744
iteration no ,331, l2_data_size,1048576,l2_block_size ,64,l1_inst_block_size,64,l1_data_block_size,64,l2_associativity ,1,l1_data_size,65536B,l1_inst_size,8192B,l1_data_asociativity,4, l1_ist_aso_str,1,cpi_value ,2.0708043519999997
iteration no ,332, l2_data_size,1048576,l2_block_size ,64,l1_inst_block_size,64,l1_data_block_size,64,l2_associativity ,1,l1_data_size,65536B,l1_inst_size,8192B,l1_data_asociativity,4, l1_ist_aso_str,2,cpi_value ,2.064379284
iteration no ,333, l2_data_size,1048576,l2_block_size ,64,l1_inst_block_size,64,l1_data_block_size,64,l2_associativity ,1,l1_data_size,65536B,l1_inst_size,8192B,l1_data_asociativity,4, l1_ist_aso_str,4,cpi_value ,2.0578644639999997
iteration no ,334, l2_data_size,1048576,l2_block_size ,64,l1_inst_block_size,64,l1_data_block_size,64,l2_associativity ,1,l1_data_size,65536B,l1_inst_size,16384B,l1_data_asociativity,1, l1_ist_aso_str,1,cpi_value ,2.032488432
iteration no ,335, l2_data_size,1048576,l2_block_size ,64,l1_inst_block_size,64,l1_data_block_size,64,l2_associativity ,1,l1_data_size,65536B,l1_inst_size,16384B,l1_data_asociativity,1, l1_ist_aso_str,2,cpi_value ,2.014613148
iteration no ,336, l2_data_size,1048576,l2_block_size ,64,l1_inst_block_size,64,l1_data_block_size,64,l2_associativity ,1,l1_data_size,65536B,l1_inst_size,16384B,l1_data_asociativity,1, l1_ist_aso_str,4,cpi_value ,2.011759144
iteration no ,337, l2_data_size,1048576,l2_block_size ,64,l1_inst_block_size,64,l1_data_block_size,64,l2_associativity ,1,l1_data_size,65536B,l1_inst_size,16384B,l1_data_asociativity,2, l1_ist_aso_str,1,cpi_value ,2.025838088
iteration no ,338, l2_data_size,1048576,l2_block_size ,64,l1_inst_block_size,64,l1_data_block_size,64,l2_associativity ,1,l1_data_size,65536B,l1_inst_size,16384B,l1_data_asociativity,2, l1_ist_aso_str,2,cpi_value ,2.0080896040000003
iteration no ,339, l2_data_size,1048576,l2_block_size ,64,l1_inst_block_size,64,l1_data_block_size,64,l2_associativity ,1,l1_data_size,65536B,l1_inst_size,16384B,l1_data_asociativity,2, l1_ist_aso_str,4,cpi_value ,2.0052854
iteration no ,340, l2_data_size,1048576,l2_block_size ,64,l1_inst_block_size,64,l1_data_block_size,64,l2_associativity ,1,l1_data_size,65536B,l1_inst_size,16384B,l1_data_asociativity,4, l1_ist_aso_str,1,cpi_value ,2.024643408
iteration no ,341, l2_data_size,1048576,l2_block_size ,64,l1_inst_block_size,64,l1_data_block_size,64,l2_associativity ,1,l1_data_size,65536B,l1_inst_size,16384B,l1_data_asociativity,4, l1_ist_aso_str,2,cpi_value ,2.006907924
iteration no ,342, l2_data_size,1048576,l2_block_size ,64,l1_inst_block_size,64,l1_data_block_size,64,l2_associativity ,1,l1_data_size,65536B,l1_inst_size,16384B,l1_data_asociativity,4, l1_ist_aso_str,4,cpi_value ,2.00411312
iteration no ,343, l2_data_size,1048576,l2_block_size ,64,l1_inst_block_size,64,l1_data_block_size,64,l2_associativity ,1,l1_data_size,131072B,l1_inst_size,8192B,l1_data_asociativity,1, l1_ist_aso_str,1,cpi_value ,2.0743047160000003
iteration no ,344, l2_data_size,1048576,l2_block_size ,64,l1_inst_block_size,64,l1_data_block_size,64,l2_associativity ,1,l1_data_size,131072B,l1_inst_size,8192B,l1_data_asociativity,1, l1_ist_aso_str,2,cpi_value ,2.067880248
iteration no ,345, l2_data_size,1048576,l2_block_size ,64,l1_inst_block_size,64,l1_data_block_size,64,l2_associativity ,1,l1_data_size,131072B,l1_inst_size,8192B,l1_data_asociativity,1, l1_ist_aso_str,4,cpi_value ,2.0613388280000002
iteration no ,346, l2_data_size,1048576,l2_block_size ,64,l1_inst_block_size,64,l1_data_block_size,64,l2_associativity ,1,l1_data_size,131072B,l1_inst_size,8192B,l1_data_asociativity,2, l1_ist_aso_str,1,cpi_value ,2.0692768079999997
iteration no ,347, l2_data_size,1048576,l2_block_size ,64,l1_inst_block_size,64,l1_data_block_size,64,l2_associativity ,1,l1_data_size,131072B,l1_inst_size,8192B,l1_data_asociativity,2, l1_ist_aso_str,2,cpi_value ,2.06285024
iteration no ,348, l2_data_size,1048576,l2_block_size ,64,l1_inst_block_size,64,l1_data_block_size,64,l2_associativity ,1,l1_data_size,131072B,l1_inst_size,8192B,l1_data_asociativity,2, l1_ist_aso_str,4,cpi_value ,2.05632692
iteration no ,349, l2_data_size,1048576,l2_block_size ,64,l1_inst_block_size,64,l1_data_block_size,64,l2_associativity ,1,l1_data_size,131072B,l1_inst_size,8192B,l1_data_asociativity,4, l1_ist_aso_str,1,cpi_value ,2.068844692
iteration no ,350, l2_data_size,1048576,l2_block_size ,64,l1_inst_block_size,64,l1_data_block_size,64,l2_associativity ,1,l1_data_size,131072B,l1_inst_size,8192B,l1_data_asociativity,4, l1_ist_aso_str,2,cpi_value ,2.062416024
iteration no ,351, l2_data_size,1048576,l2_block_size ,64,l1_inst_block_size,64,l1_data_block_size,64,l2_associativity ,1,l1_data_size,131072B,l1_inst_size,8192B,l1_data_asociativity,4, l1_ist_aso_str,4,cpi_value ,2.055897004
iteration no ,352, l2_data_size,1048576,l2_block_size ,64,l1_inst_block_size,64,l1_data_block_size,64,l2_associativity ,1,l1_data_size,131072B,l1_inst_size,16384B,l1_data_asociativity,1, l1_ist_aso_str,1,cpi_value ,2.028147772
iteration no ,353, l2_data_size,1048576,l2_block_size ,64,l1_inst_block_size,64,l1_data_block_size,64,l2_associativity ,1,l1_data_size,131072B,l1_inst_size,16384B,l1_data_asociativity,1, l1_ist_aso_str,2,cpi_value ,2.010362888
iteration no ,354, l2_data_size,1048576,l2_block_size ,64,l1_inst_block_size,64,l1_data_block_size,64,l2_associativity ,1,l1_data_size,131072B,l1_inst_size,16384B,l1_data_asociativity,1, l1_ist_aso_str,4,cpi_value ,2.0075103839999997
iteration no ,355, l2_data_size,1048576,l2_block_size ,64,l1_inst_block_size,64,l1_data_block_size,64,l2_associativity ,1,l1_data_size,131072B,l1_inst_size,16384B,l1_data_asociativity,2, l1_ist_aso_str,1,cpi_value ,2.0231247640000003
iteration no ,356, l2_data_size,1048576,l2_block_size ,64,l1_inst_block_size,64,l1_data_block_size,64,l2_associativity ,1,l1_data_size,131072B,l1_inst_size,16384B,l1_data_asociativity,2, l1_ist_aso_str,2,cpi_value ,2.00540628
iteration no ,357, l2_data_size,1048576,l2_block_size ,64,l1_inst_block_size,64,l1_data_block_size,64,l2_associativity ,1,l1_data_size,131072B,l1_inst_size,16384B,l1_data_asociativity,2, l1_ist_aso_str,4,cpi_value ,2.002619376
iteration no ,358, l2_data_size,1048576,l2_block_size ,64,l1_inst_block_size,64,l1_data_block_size,64,l2_associativity ,1,l1_data_size,131072B,l1_inst_size,16384B,l1_data_asociativity,4, l1_ist_aso_str,1,cpi_value ,2.0226919480000003
iteration no ,359, l2_data_size,1048576,l2_block_size ,64,l1_inst_block_size,64,l1_data_block_size,64,l2_associativity ,1,l1_data_size,131072B,l1_inst_size,16384B,l1_data_asociativity,4, l1_ist_aso_str,2,cpi_value ,2.0049745640000003
iteration no ,360, l2_data_size,1048576,l2_block_size ,64,l1_inst_block_size,64,l1_data_block_size,64,l2_associativity ,1,l1_data_size,131072B,l1_inst_size,16384B,l1_data_asociativity,4, l1_ist_aso_str,4,cpi_value ,2.00219426
iteration no ,361, l2_data_size,1048576,l2_block_size ,64,l1_inst_block_size,64,l1_data_block_size,64,l2_associativity ,2,l1_data_size,65536B,l1_inst_size,8192B,l1_data_asociativity,1, l1_ist_aso_str,1,cpi_value ,2.075015676
iteration no ,362, l2_data_size,1048576,l2_block_size ,64,l1_inst_block_size,64,l1_data_block_size,64,l2_associativity ,2,l1_data_size,65536B,l1_inst_size,8192B,l1_data_asociativity,1, l1_ist_aso_str,2,cpi_value ,2.068587708
iteration no ,363, l2_data_size,1048576,l2_block_size ,64,l1_inst_block_size,64,l1_data_block_size,64,l2_associativity ,2,l1_data_size,65536B,l1_inst_size,8192B,l1_data_asociativity,1, l1_ist_aso_str,4,cpi_value ,2.062062788
iteration no ,364, l2_data_size,1048576,l2_block_size ,64,l1_inst_block_size,64,l1_data_block_size,64,l2_associativity ,2,l1_data_size,65536B,l1_inst_size,8192B,l1_data_asociativity,2, l1_ist_aso_str,1,cpi_value ,2.069978232
iteration no ,365, l2_data_size,1048576,l2_block_size ,64,l1_inst_block_size,64,l1_data_block_size,64,l2_associativity ,2,l1_data_size,65536B,l1_inst_size,8192B,l1_data_asociativity,2, l1_ist_aso_str,2,cpi_value ,2.0635508639999998
iteration no ,366, l2_data_size,1048576,l2_block_size ,64,l1_inst_block_size,64,l1_data_block_size,64,l2_associativity ,2,l1_data_size,65536B,l1_inst_size,8192B,l1_data_asociativity,2, l1_ist_aso_str,4,cpi_value ,2.0570259440000003
iteration no ,367, l2_data_size,1048576,l2_block_size ,64,l1_inst_block_size,64,l1_data_block_size,64,l2_associativity ,2,l1_data_size,65536B,l1_inst_size,8192B,l1_data_asociativity,4, l1_ist_aso_str,1,cpi_value ,2.069141852
iteration no ,368, l2_data_size,1048576,l2_block_size ,64,l1_inst_block_size,64,l1_data_block_size,64,l2_associativity ,2,l1_data_size,65536B,l1_inst_size,8192B,l1_data_asociativity,4, l1_ist_aso_str,2,cpi_value ,2.062714384
iteration no ,369, l2_data_size,1048576,l2_block_size ,64,l1_inst_block_size,64,l1_data_block_size,64,l2_associativity ,2,l1_data_size,65536B,l1_inst_size,8192B,l1_data_asociativity,4, l1_ist_aso_str,4,cpi_value ,2.0561898640000003
iteration no ,370, l2_data_size,1048576,l2_block_size ,64,l1_inst_block_size,64,l1_data_block_size,64,l2_associativity ,2,l1_data_size,65536B,l1_inst_size,16384B,l1_data_asociativity,1, l1_ist_aso_str,1,cpi_value ,2.028983532
iteration no ,371, l2_data_size,1048576,l2_block_size ,64,l1_inst_block_size,64,l1_data_block_size,64,l2_associativity ,2,l1_data_size,65536B,l1_inst_size,16384B,l1_data_asociativity,1, l1_ist_aso_str,2,cpi_value ,2.011269248
iteration no ,372, l2_data_size,1048576,l2_block_size ,64,l1_inst_block_size,64,l1_data_block_size,64,l2_associativity ,2,l1_data_size,65536B,l1_inst_size,16384B,l1_data_asociativity,1, l1_ist_aso_str,4,cpi_value ,2.008491244
iteration no ,373, l2_data_size,1048576,l2_block_size ,64,l1_inst_block_size,64,l1_data_block_size,64,l2_associativity ,2,l1_data_size,65536B,l1_inst_size,16384B,l1_data_asociativity,2, l1_ist_aso_str,1,cpi_value ,2.0239482879999997
iteration no ,374, l2_data_size,1048576,l2_block_size ,64,l1_inst_block_size,64,l1_data_block_size,64,l2_associativity ,2,l1_data_size,65536B,l1_inst_size,16384B,l1_data_asociativity,2, l1_ist_aso_str,2,cpi_value ,2.006235604
iteration no ,375, l2_data_size,1048576,l2_block_size ,64,l1_inst_block_size,64,l1_data_block_size,64,l2_associativity ,2,l1_data_size,65536B,l1_inst_size,16384B,l1_data_asociativity,2, l1_ist_aso_str,4,cpi_value ,2.0034583
iteration no ,376, l2_data_size,1048576,l2_block_size ,64,l1_inst_block_size,64,l1_data_block_size,64,l2_associativity ,2,l1_data_size,65536B,l1_inst_size,16384B,l1_data_asociativity,4, l1_ist_aso_str,1,cpi_value ,2.023113508
iteration no ,377, l2_data_size,1048576,l2_block_size ,64,l1_inst_block_size,64,l1_data_block_size,64,l2_associativity ,2,l1_data_size,65536B,l1_inst_size,16384B,l1_data_asociativity,4, l1_ist_aso_str,2,cpi_value ,2.0054004240000003
iteration no ,378, l2_data_size,1048576,l2_block_size ,64,l1_inst_block_size,64,l1_data_block_size,64,l2_associativity ,2,l1_data_size,65536B,l1_inst_size,16384B,l1_data_asociativity,4, l1_ist_aso_str,4,cpi_value ,2.00262412
iteration no ,379, l2_data_size,1048576,l2_block_size ,64,l1_inst_block_size,64,l1_data_block_size,64,l2_associativity ,2,l1_data_size,131072B,l1_inst_size,8192B,l1_data_asociativity,1, l1_ist_aso_str,1,cpi_value ,2.0715980160000003
iteration no ,380, l2_data_size,1048576,l2_block_size ,64,l1_inst_block_size,64,l1_data_block_size,64,l2_associativity ,2,l1_data_size,131072B,l1_inst_size,8192B,l1_data_asociativity,1, l1_ist_aso_str,2,cpi_value ,2.065170848
iteration no ,381, l2_data_size,1048576,l2_block_size ,64,l1_inst_block_size,64,l1_data_block_size,64,l2_associativity ,2,l1_data_size,131072B,l1_inst_size,8192B,l1_data_asociativity,1, l1_ist_aso_str,4,cpi_value ,2.058646128
iteration no ,382, l2_data_size,1048576,l2_block_size ,64,l1_inst_block_size,64,l1_data_block_size,64,l2_associativity ,2,l1_data_size,131072B,l1_inst_size,8192B,l1_data_asociativity,2, l1_ist_aso_str,1,cpi_value ,2.068226008
iteration no ,383, l2_data_size,1048576,l2_block_size ,64,l1_inst_block_size,64,l1_data_block_size,64,l2_associativity ,2,l1_data_size,131072B,l1_inst_size,8192B,l1_data_asociativity,2, l1_ist_aso_str,2,cpi_value ,2.06179894
iteration no ,384, l2_data_size,1048576,l2_block_size ,64,l1_inst_block_size,64,l1_data_block_size,64,l2_associativity ,2,l1_data_size,131072B,l1_inst_size,8192B,l1_data_asociativity,2, l1_ist_aso_str,4,cpi_value ,2.05527452
iteration no ,385, l2_data_size,1048576,l2_block_size ,64,l1_inst_block_size,64,l1_data_block_size,64,l2_associativity ,2,l1_data_size,131072B,l1_inst_size,8192B,l1_data_asociativity,4, l1_ist_aso_str,1,cpi_value ,2.0679402920000003
iteration no ,386, l2_data_size,1048576,l2_block_size ,64,l1_inst_block_size,64,l1_data_block_size,64,l2_associativity ,2,l1_data_size,131072B,l1_inst_size,8192B,l1_data_asociativity,4, l1_ist_aso_str,2,cpi_value ,2.061512124
iteration no ,387, l2_data_size,1048576,l2_block_size ,64,l1_inst_block_size,64,l1_data_block_size,64,l2_associativity ,2,l1_data_size,131072B,l1_inst_size,8192B,l1_data_asociativity,4, l1_ist_aso_str,4,cpi_value ,2.054988004
iteration no ,388, l2_data_size,1048576,l2_block_size ,64,l1_inst_block_size,64,l1_data_block_size,64,l2_associativity ,2,l1_data_size,131072B,l1_inst_size,16384B,l1_data_asociativity,1, l1_ist_aso_str,1,cpi_value ,2.025556972
iteration no ,389, l2_data_size,1048576,l2_block_size ,64,l1_inst_block_size,64,l1_data_block_size,64,l2_associativity ,2,l1_data_size,131072B,l1_inst_size,16384B,l1_data_asociativity,1, l1_ist_aso_str,2,cpi_value ,2.007839888
iteration no ,390, l2_data_size,1048576,l2_block_size ,64,l1_inst_block_size,64,l1_data_block_size,64,l2_associativity ,2,l1_data_size,131072B,l1_inst_size,16384B,l1_data_asociativity,1, l1_ist_aso_str,4,cpi_value ,2.005061184
iteration no ,391, l2_data_size,1048576,l2_block_size ,64,l1_inst_block_size,64,l1_data_block_size,64,l2_associativity ,2,l1_data_size,131072B,l1_inst_size,16384B,l1_data_asociativity,2, l1_ist_aso_str,1,cpi_value ,2.0221908639999997
iteration no ,392, l2_data_size,1048576,l2_block_size ,64,l1_inst_block_size,64,l1_data_block_size,64,l2_associativity ,2,l1_data_size,131072B,l1_inst_size,16384B,l1_data_asociativity,2, l1_ist_aso_str,2,cpi_value ,2.00447648
iteration no ,393, l2_data_size,1048576,l2_block_size ,64,l1_inst_block_size,64,l1_data_block_size,64,l2_associativity ,2,l1_data_size,131072B,l1_inst_size,16384B,l1_data_asociativity,2, l1_ist_aso_str,4,cpi_value ,2.001699176
iteration no ,394, l2_data_size,1048576,l2_block_size ,64,l1_inst_block_size,64,l1_data_block_size,64,l2_associativity ,2,l1_data_size,131072B,l1_inst_size,16384B,l1_data_asociativity,4, l1_ist_aso_str,1,cpi_value ,2.0219091479999998
iteration no ,395, l2_data_size,1048576,l2_block_size ,64,l1_inst_block_size,64,l1_data_block_size,64,l2_associativity ,2,l1_data_size,131072B,l1_inst_size,16384B,l1_data_asociativity,4, l1_ist_aso_str,2,cpi_value ,2.0041957640000003
iteration no ,396, l2_data_size,1048576,l2_block_size ,64,l1_inst_block_size,64,l1_data_block_size,64,l2_associativity ,2,l1_data_size,131072B,l1_inst_size,16384B,l1_data_asociativity,4, l1_ist_aso_str,4,cpi_value ,2.00141816
iteration no ,397, l2_data_size,1048576,l2_block_size ,64,l1_inst_block_size,64,l1_data_block_size,64,l2_associativity ,4,l1_data_size,65536B,l1_inst_size,8192B,l1_data_asociativity,1, l1_ist_aso_str,1,cpi_value ,2.0747479760000003
iteration no ,398, l2_data_size,1048576,l2_block_size ,64,l1_inst_block_size,64,l1_data_block_size,64,l2_associativity ,4,l1_data_size,65536B,l1_inst_size,8192B,l1_data_asociativity,1, l1_ist_aso_str,2,cpi_value ,2.0683202080000003
iteration no ,399, l2_data_size,1048576,l2_block_size ,64,l1_inst_block_size,64,l1_data_block_size,64,l2_associativity ,4,l1_data_size,65536B,l1_inst_size,8192B,l1_data_asociativity,1, l1_ist_aso_str,4,cpi_value ,2.061795588
iteration no ,400, l2_data_size,1048576,l2_block_size ,64,l1_inst_block_size,64,l1_data_block_size,64,l2_associativity ,4,l1_data_size,65536B,l1_inst_size,8192B,l1_data_asociativity,2, l1_ist_aso_str,1,cpi_value ,2.0697531319999998
iteration no ,401, l2_data_size,1048576,l2_block_size ,64,l1_inst_block_size,64,l1_data_block_size,64,l2_associativity ,4,l1_data_size,65536B,l1_inst_size,8192B,l1_data_asociativity,2, l1_ist_aso_str,2,cpi_value ,2.063325564
iteration no ,402, l2_data_size,1048576,l2_block_size ,64,l1_inst_block_size,64,l1_data_block_size,64,l2_associativity ,4,l1_data_size,65536B,l1_inst_size,8192B,l1_data_asociativity,2, l1_ist_aso_str,4,cpi_value ,2.056800944
iteration no ,403, l2_data_size,1048576,l2_block_size ,64,l1_inst_block_size,64,l1_data_block_size,64,l2_associativity ,4,l1_data_size,65536B,l1_inst_size,8192B,l1_data_asociativity,4, l1_ist_aso_str,1,cpi_value ,2.068942852
iteration no ,404, l2_data_size,1048576,l2_block_size ,64,l1_inst_block_size,64,l1_data_block_size,64,l2_associativity ,4,l1_data_size,65536B,l1_inst_size,8192B,l1_data_asociativity,4, l1_ist_aso_str,2,cpi_value ,2.062515084
iteration no ,405, l2_data_size,1048576,l2_block_size ,64,l1_inst_block_size,64,l1_data_block_size,64,l2_associativity ,4,l1_data_size,65536B,l1_inst_size,8192B,l1_data_asociativity,4, l1_ist_aso_str,4,cpi_value ,2.0559904639999997
iteration no ,406, l2_data_size,1048576,l2_block_size ,64,l1_inst_block_size,64,l1_data_block_size,64,l2_associativity ,4,l1_data_size,65536B,l1_inst_size,16384B,l1_data_asociativity,1, l1_ist_aso_str,1,cpi_value ,2.0287228319999997
iteration no ,407, l2_data_size,1048576,l2_block_size ,64,l1_inst_block_size,64,l1_data_block_size,64,l2_associativity ,4,l1_data_size,65536B,l1_inst_size,16384B,l1_data_asociativity,1, l1_ist_aso_str,2,cpi_value ,2.0110113480000003
iteration no ,408, l2_data_size,1048576,l2_block_size ,64,l1_inst_block_size,64,l1_data_block_size,64,l2_associativity ,4,l1_data_size,65536B,l1_inst_size,16384B,l1_data_asociativity,1, l1_ist_aso_str,4,cpi_value ,2.0082336439999997
iteration no ,409, l2_data_size,1048576,l2_block_size ,64,l1_inst_block_size,64,l1_data_block_size,64,l2_associativity ,4,l1_data_size,65536B,l1_inst_size,16384B,l1_data_asociativity,2, l1_ist_aso_str,1,cpi_value ,2.023728088
iteration no ,410, l2_data_size,1048576,l2_block_size ,64,l1_inst_block_size,64,l1_data_block_size,64,l2_associativity ,4,l1_data_size,65536B,l1_inst_size,16384B,l1_data_asociativity,2, l1_ist_aso_str,2,cpi_value ,2.0060165039999998
iteration no ,411, l2_data_size,1048576,l2_block_size ,64,l1_inst_block_size,64,l1_data_block_size,64,l2_associativity ,4,l1_data_size,65536B,l1_inst_size,16384B,l1_data_asociativity,2, l1_ist_aso_str,4,cpi_value ,2.0032389
iteration no ,412, l2_data_size,1048576,l2_block_size ,64,l1_inst_block_size,64,l1_data_block_size,64,l2_associativity ,4,l1_data_size,65536B,l1_inst_size,16384B,l1_data_asociativity,4, l1_ist_aso_str,1,cpi_value ,2.022917708
iteration no ,413, l2_data_size,1048576,l2_block_size ,64,l1_inst_block_size,64,l1_data_block_size,64,l2_associativity ,4,l1_data_size,65536B,l1_inst_size,16384B,l1_data_asociativity,4, l1_ist_aso_str,2,cpi_value ,2.005206124
iteration no ,414, l2_data_size,1048576,l2_block_size ,64,l1_inst_block_size,64,l1_data_block_size,64,l2_associativity ,4,l1_data_size,65536B,l1_inst_size,16384B,l1_data_asociativity,4, l1_ist_aso_str,4,cpi_value ,2.00242852
iteration no ,415, l2_data_size,1048576,l2_block_size ,64,l1_inst_block_size,64,l1_data_block_size,64,l2_associativity ,4,l1_data_size,131072B,l1_inst_size,8192B,l1_data_asociativity,1, l1_ist_aso_str,1,cpi_value ,2.071244516
iteration no ,416, l2_data_size,1048576,l2_block_size ,64,l1_inst_block_size,64,l1_data_block_size,64,l2_associativity ,4,l1_data_size,131072B,l1_inst_size,8192B,l1_data_asociativity,1, l1_ist_aso_str,2,cpi_value ,2.064816748
iteration no ,417, l2_data_size,1048576,l2_block_size ,64,l1_inst_block_size,64,l1_data_block_size,64,l2_associativity ,4,l1_data_size,131072B,l1_inst_size,8192B,l1_data_asociativity,1, l1_ist_aso_str,4,cpi_value ,2.0582921279999997
iteration no ,418, l2_data_size,1048576,l2_block_size ,64,l1_inst_block_size,64,l1_data_block_size,64,l2_associativity ,4,l1_data_size,131072B,l1_inst_size,8192B,l1_data_asociativity,2, l1_ist_aso_str,1,cpi_value ,2.067998808
iteration no ,419, l2_data_size,1048576,l2_block_size ,64,l1_inst_block_size,64,l1_data_block_size,64,l2_associativity ,4,l1_data_size,131072B,l1_inst_size,8192B,l1_data_asociativity,2, l1_ist_aso_str,2,cpi_value ,2.06157114
iteration no ,420, l2_data_size,1048576,l2_block_size ,64,l1_inst_block_size,64,l1_data_block_size,64,l2_associativity ,4,l1_data_size,131072B,l1_inst_size,8192B,l1_data_asociativity,2, l1_ist_aso_str,4,cpi_value ,2.0550465200000003
iteration no ,421, l2_data_size,1048576,l2_block_size ,64,l1_inst_block_size,64,l1_data_block_size,64,l2_associativity ,4,l1_data_size,131072B,l1_inst_size,8192B,l1_data_asociativity,4, l1_ist_aso_str,1,cpi_value ,2.067750292
iteration no ,422, l2_data_size,1048576,l2_block_size ,64,l1_inst_block_size,64,l1_data_block_size,64,l2_associativity ,4,l1_data_size,131072B,l1_inst_size,8192B,l1_data_asociativity,4, l1_ist_aso_str,2,cpi_value ,2.0613226239999998
iteration no ,423, l2_data_size,1048576,l2_block_size ,64,l1_inst_block_size,64,l1_data_block_size,64,l2_associativity ,4,l1_data_size,131072B,l1_inst_size,8192B,l1_data_asociativity,4, l1_ist_aso_str,4,cpi_value ,2.0547980040000002
iteration no ,424, l2_data_size,1048576,l2_block_size ,64,l1_inst_block_size,64,l1_data_block_size,64,l2_associativity ,4,l1_data_size,131072B,l1_inst_size,16384B,l1_data_asociativity,1, l1_ist_aso_str,1,cpi_value ,2.025219172
iteration no ,425, l2_data_size,1048576,l2_block_size ,64,l1_inst_block_size,64,l1_data_block_size,64,l2_associativity ,4,l1_data_size,131072B,l1_inst_size,16384B,l1_data_asociativity,1, l1_ist_aso_str,2,cpi_value ,2.007507788
iteration no ,426, l2_data_size,1048576,l2_block_size ,64,l1_inst_block_size,64,l1_data_block_size,64,l2_associativity ,4,l1_data_size,131072B,l1_inst_size,16384B,l1_data_asociativity,1, l1_ist_aso_str,4,cpi_value ,2.004730084
iteration no ,427, l2_data_size,1048576,l2_block_size ,64,l1_inst_block_size,64,l1_data_block_size,64,l2_associativity ,4,l1_data_size,131072B,l1_inst_size,16384B,l1_data_asociativity,2, l1_ist_aso_str,1,cpi_value ,2.021973564
iteration no ,428, l2_data_size,1048576,l2_block_size ,64,l1_inst_block_size,64,l1_data_block_size,64,l2_associativity ,4,l1_data_size,131072B,l1_inst_size,16384B,l1_data_asociativity,2, l1_ist_aso_str,2,cpi_value ,2.00426208
iteration no ,429, l2_data_size,1048576,l2_block_size ,64,l1_inst_block_size,64,l1_data_block_size,64,l2_associativity ,4,l1_data_size,131072B,l1_inst_size,16384B,l1_data_asociativity,2, l1_ist_aso_str,4,cpi_value ,2.0014842760000002
iteration no ,430, l2_data_size,1048576,l2_block_size ,64,l1_inst_block_size,64,l1_data_block_size,64,l2_associativity ,4,l1_data_size,131072B,l1_inst_size,16384B,l1_data_asociativity,4, l1_ist_aso_str,1,cpi_value ,2.021724948
iteration no ,431, l2_data_size,1048576,l2_block_size ,64,l1_inst_block_size,64,l1_data_block_size,64,l2_associativity ,4,l1_data_size,131072B,l1_inst_size,16384B,l1_data_asociativity,4, l1_ist_aso_str,2,cpi_value ,2.004013464
iteration no ,432, l2_data_size,1048576,l2_block_size ,64,l1_inst_block_size,64,l1_data_block_size,64,l2_associativity ,4,l1_data_size,131072B,l1_inst_size,16384B,l1_data_asociativity,4, l1_ist_aso_str,4,cpi_value ,2.00123606
